puuid,match_id,champion,win,kills,deaths,assists,team_position,game_duration
MTrbwElycfUFdrlmlKooGDJOdsGIX-SIu78x4xU0LgtYnorRlkNCCzDY5IY5BQIfXIGwdFpzR17Vyw,EUW1_7872416254,Draven,False,8,7,4,BOTTOM,1636
MTrbwElycfUFdrlmlKooGDJOdsGIX-SIu78x4xU0LgtYnorRlkNCCzDY5IY5BQIfXIGwdFpzR17Vyw,EUW1_7872404019,Samira,False,0,0,0,BOTTOM,99
MTrbwElycfUFdrlmlKooGDJOdsGIX-SIu78x4xU0LgtYnorRlkNCCzDY5IY5BQIfXIGwdFpzR17Vyw,EUW1_7872370785,Draven,False,1,4,1,BOTTOM,924
MTrbwElycfUFdrlmlKooGDJOdsGIX-SIu78x4xU0LgtYnorRlkNCCzDY5IY5BQIfXIGwdFpzR17Vyw,EUW1_7872218785,Draven,True,10,2,4,BOTTOM,1263
MTrbwElycfUFdrlmlKooGDJOdsGIX-SIu78x4xU0LgtYnorRlkNCCzDY5IY5BQIfXIGwdFpzR17Vyw,EUW1_7872169931,Draven,False,9,7,8,BOTTOM,1673
MTrbwElycfUFdrlmlKooGDJOdsGIX-SIu78x4xU0LgtYnorRlkNCCzDY5IY5BQIfXIGwdFpzR17Vyw,EUW1_7864162589,Draven,True,10,5,5,BOTTOM,1350
MTrbwElycfUFdrlmlKooGDJOdsGIX-SIu78x4xU0LgtYnorRlkNCCzDY5IY5BQIfXIGwdFpzR17Vyw,EUW1_7864129525,Draven,False,10,7,7,BOTTOM,1923
MTrbwElycfUFdrlmlKooGDJOdsGIX-SIu78x4xU0LgtYnorRlkNCCzDY5IY5BQIfXIGwdFpzR17Vyw,EUW1_7840509265,Draven,False,6,12,6,BOTTOM,1972
MTrbwElycfUFdrlmlKooGDJOdsGIX-SIu78x4xU0LgtYnorRlkNCCzDY5IY5BQIfXIGwdFpzR17Vyw,EUW1_7840484497,Jinx,True,8,0,4,BOTTOM,1114
MTrbwElycfUFdrlmlKooGDJOdsGIX-SIu78x4xU0LgtYnorRlkNCCzDY5IY5BQIfXIGwdFpzR17Vyw,EUW1_7836585157,Draven,False,2,3,1,BOTTOM,941
MTrbwElycfUFdrlmlKooGDJOdsGIX-SIu78x4xU0LgtYnorRlkNCCzDY5IY5BQIfXIGwdFpzR17Vyw,EUW1_7833170642,Draven,False,5,7,3,BOTTOM,1521
MTrbwElycfUFdrlmlKooGDJOdsGIX-SIu78x4xU0LgtYnorRlkNCCzDY5IY5BQIfXIGwdFpzR17Vyw,EUW1_7833151710,Draven,True,9,3,4,BOTTOM,1110
MTrbwElycfUFdrlmlKooGDJOdsGIX-SIu78x4xU0LgtYnorRlkNCCzDY5IY5BQIfXIGwdFpzR17Vyw,EUW1_7829733932,Jinx,True,3,3,13,BOTTOM,2244
MTrbwElycfUFdrlmlKooGDJOdsGIX-SIu78x4xU0LgtYnorRlkNCCzDY5IY5BQIfXIGwdFpzR17Vyw,EUW1_7829700627,Draven,False,2,8,8,BOTTOM,1532
MTrbwElycfUFdrlmlKooGDJOdsGIX-SIu78x4xU0LgtYnorRlkNCCzDY5IY5BQIfXIGwdFpzR17Vyw,EUW1_7829629090,Thresh,True,1,2,21,UTILITY,1701
MTrbwElycfUFdrlmlKooGDJOdsGIX-SIu78x4xU0LgtYnorRlkNCCzDY5IY5BQIfXIGwdFpzR17Vyw,EUW1_7829588523,Draven,False,3,10,2,BOTTOM,1543
MTrbwElycfUFdrlmlKooGDJOdsGIX-SIu78x4xU0LgtYnorRlkNCCzDY5IY5BQIfXIGwdFpzR17Vyw,EUW1_7828269760,Draven,False,11,5,5,BOTTOM,1819
MTrbwElycfUFdrlmlKooGDJOdsGIX-SIu78x4xU0LgtYnorRlkNCCzDY5IY5BQIfXIGwdFpzR17Vyw,EUW1_7822721138,Draven,True,16,7,14,BOTTOM,2851
MTrbwElycfUFdrlmlKooGDJOdsGIX-SIu78x4xU0LgtYnorRlkNCCzDY5IY5BQIfXIGwdFpzR17Vyw,EUW1_7822672881,Samira,False,7,2,1,BOTTOM,1658
MTrbwElycfUFdrlmlKooGDJOdsGIX-SIu78x4xU0LgtYnorRlkNCCzDY5IY5BQIfXIGwdFpzR17Vyw,EUW1_7819770327,Fiora,False,7,11,6,TOP,2305
MTrbwElycfUFdrlmlKooGDJOdsGIX-SIu78x4xU0LgtYnorRlkNCCzDY5IY5BQIfXIGwdFpzR17Vyw,EUW1_7819702116,Draven,True,12,4,4,BOTTOM,1738
MTrbwElycfUFdrlmlKooGDJOdsGIX-SIu78x4xU0LgtYnorRlkNCCzDY5IY5BQIfXIGwdFpzR17Vyw,EUW1_7810178970,Draven,True,9,9,8,BOTTOM,1693
MTrbwElycfUFdrlmlKooGDJOdsGIX-SIu78x4xU0LgtYnorRlkNCCzDY5IY5BQIfXIGwdFpzR17Vyw,EUW1_7810145120,Zac,False,2,6,6,JUNGLE,1181
MTrbwElycfUFdrlmlKooGDJOdsGIX-SIu78x4xU0LgtYnorRlkNCCzDY5IY5BQIfXIGwdFpzR17Vyw,EUW1_7810086243,Draven,False,9,12,10,BOTTOM,1902
MTrbwElycfUFdrlmlKooGDJOdsGIX-SIu78x4xU0LgtYnorRlkNCCzDY5IY5BQIfXIGwdFpzR17Vyw,EUW1_7810085503,Samira,True,0,0,0,BOTTOM,104
MTrbwElycfUFdrlmlKooGDJOdsGIX-SIu78x4xU0LgtYnorRlkNCCzDY5IY5BQIfXIGwdFpzR17Vyw,EUW1_7809132448,Draven,True,8,3,6,BOTTOM,1542
MTrbwElycfUFdrlmlKooGDJOdsGIX-SIu78x4xU0LgtYnorRlkNCCzDY5IY5BQIfXIGwdFpzR17Vyw,EUW1_7809074579,Draven,True,9,8,10,BOTTOM,1972
MTrbwElycfUFdrlmlKooGDJOdsGIX-SIu78x4xU0LgtYnorRlkNCCzDY5IY5BQIfXIGwdFpzR17Vyw,EUW1_7809013512,Draven,True,13,3,4,BOTTOM,2168
MTrbwElycfUFdrlmlKooGDJOdsGIX-SIu78x4xU0LgtYnorRlkNCCzDY5IY5BQIfXIGwdFpzR17Vyw,EUW1_7808922371,Draven,True,9,1,9,BOTTOM,1482
MTrbwElycfUFdrlmlKooGDJOdsGIX-SIu78x4xU0LgtYnorRlkNCCzDY5IY5BQIfXIGwdFpzR17Vyw,EUW1_7808867880,Draven,True,11,4,8,BOTTOM,1578
MTrbwElycfUFdrlmlKooGDJOdsGIX-SIu78x4xU0LgtYnorRlkNCCzDY5IY5BQIfXIGwdFpzR17Vyw,EUW1_7808820840,Draven,True,13,9,9,BOTTOM,1919
MTrbwElycfUFdrlmlKooGDJOdsGIX-SIu78x4xU0LgtYnorRlkNCCzDY5IY5BQIfXIGwdFpzR17Vyw,EUW1_7806594373,Yasuo,False,5,7,3,MIDDLE,1646
MTrbwElycfUFdrlmlKooGDJOdsGIX-SIu78x4xU0LgtYnorRlkNCCzDY5IY5BQIfXIGwdFpzR17Vyw,EUW1_7806554892,Samira,False,3,12,5,BOTTOM,1726
MTrbwElycfUFdrlmlKooGDJOdsGIX-SIu78x4xU0LgtYnorRlkNCCzDY5IY5BQIfXIGwdFpzR17Vyw,EUW1_7806520088,Malphite,False,0,5,6,TOP,1510
MTrbwElycfUFdrlmlKooGDJOdsGIX-SIu78x4xU0LgtYnorRlkNCCzDY5IY5BQIfXIGwdFpzR17Vyw,EUW1_7805863155,Draven,True,21,7,12,BOTTOM,2208
MTrbwElycfUFdrlmlKooGDJOdsGIX-SIu78x4xU0LgtYnorRlkNCCzDY5IY5BQIfXIGwdFpzR17Vyw,EUW1_7805811680,Draven,True,10,7,15,BOTTOM,1606
MTrbwElycfUFdrlmlKooGDJOdsGIX-SIu78x4xU0LgtYnorRlkNCCzDY5IY5BQIfXIGwdFpzR17Vyw,EUW1_7805637357,Draven,True,5,7,8,BOTTOM,1894
MTrbwElycfUFdrlmlKooGDJOdsGIX-SIu78x4xU0LgtYnorRlkNCCzDY5IY5BQIfXIGwdFpzR17Vyw,EUW1_7805594404,Qiyana,False,5,10,8,MIDDLE,1702
MTrbwElycfUFdrlmlKooGDJOdsGIX-SIu78x4xU0LgtYnorRlkNCCzDY5IY5BQIfXIGwdFpzR17Vyw,EUW1_7805556172,Draven,True,1,9,10,BOTTOM,1454
MTrbwElycfUFdrlmlKooGDJOdsGIX-SIu78x4xU0LgtYnorRlkNCCzDY5IY5BQIfXIGwdFpzR17Vyw,EUW1_7804869396,Draven,True,0,0,3,BOTTOM,1052
MTrbwElycfUFdrlmlKooGDJOdsGIX-SIu78x4xU0LgtYnorRlkNCCzDY5IY5BQIfXIGwdFpzR17Vyw,EUW1_7804865619,Draven,False,0,0,0,BOTTOM,74
MTrbwElycfUFdrlmlKooGDJOdsGIX-SIu78x4xU0LgtYnorRlkNCCzDY5IY5BQIfXIGwdFpzR17Vyw,EUW1_7804801319,Draven,True,12,6,7,BOTTOM,1791
MTrbwElycfUFdrlmlKooGDJOdsGIX-SIu78x4xU0LgtYnorRlkNCCzDY5IY5BQIfXIGwdFpzR17Vyw,EUW1_7802458353,Draven,True,11,6,8,BOTTOM,1890
MTrbwElycfUFdrlmlKooGDJOdsGIX-SIu78x4xU0LgtYnorRlkNCCzDY5IY5BQIfXIGwdFpzR17Vyw,EUW1_7802415230,Samira,False,6,10,3,BOTTOM,1432
MTrbwElycfUFdrlmlKooGDJOdsGIX-SIu78x4xU0LgtYnorRlkNCCzDY5IY5BQIfXIGwdFpzR17Vyw,EUW1_7802369729,Fiora,False,3,9,1,TOP,1486
MTrbwElycfUFdrlmlKooGDJOdsGIX-SIu78x4xU0LgtYnorRlkNCCzDY5IY5BQIfXIGwdFpzR17Vyw,EUW1_7793807477,Draven,True,3,4,4,BOTTOM,958
MTrbwElycfUFdrlmlKooGDJOdsGIX-SIu78x4xU0LgtYnorRlkNCCzDY5IY5BQIfXIGwdFpzR17Vyw,EUW1_7747410953,Draven,True,3,3,3,BOTTOM,932
MTrbwElycfUFdrlmlKooGDJOdsGIX-SIu78x4xU0LgtYnorRlkNCCzDY5IY5BQIfXIGwdFpzR17Vyw,EUW1_7747316179,Twitch,False,8,5,7,BOTTOM,2130
MTrbwElycfUFdrlmlKooGDJOdsGIX-SIu78x4xU0LgtYnorRlkNCCzDY5IY5BQIfXIGwdFpzR17Vyw,EUW1_7722387303,Twitch,True,4,3,8,BOTTOM,1734
MTrbwElycfUFdrlmlKooGDJOdsGIX-SIu78x4xU0LgtYnorRlkNCCzDY5IY5BQIfXIGwdFpzR17Vyw,EUW1_7722330550,Kassadin,False,5,3,6,MIDDLE,1873
Ea9DrPZ8qeTNm7oTJEnw3Ez6rReZFBrFEHAxFa34eNpA3uzhpfyDXGurnK8zM_rFE6vikR56p5FELA,EUW1_7871239947,Urgot,True,10,2,5,TOP,1452
Ea9DrPZ8qeTNm7oTJEnw3Ez6rReZFBrFEHAxFa34eNpA3uzhpfyDXGurnK8zM_rFE6vikR56p5FELA,EUW1_7870439806,Urgot,True,14,9,2,TOP,1746
Ea9DrPZ8qeTNm7oTJEnw3Ez6rReZFBrFEHAxFa34eNpA3uzhpfyDXGurnK8zM_rFE6vikR56p5FELA,EUW1_7870426445,Urgot,True,9,1,2,TOP,1490
Ea9DrPZ8qeTNm7oTJEnw3Ez6rReZFBrFEHAxFa34eNpA3uzhpfyDXGurnK8zM_rFE6vikR56p5FELA,EUW1_7870426728,Urgot,True,9,5,7,TOP,1561
Ea9DrPZ8qeTNm7oTJEnw3Ez6rReZFBrFEHAxFa34eNpA3uzhpfyDXGurnK8zM_rFE6vikR56p5FELA,EUW1_7870423792,Urgot,True,4,0,3,TOP,922
Ea9DrPZ8qeTNm7oTJEnw3Ez6rReZFBrFEHAxFa34eNpA3uzhpfyDXGurnK8zM_rFE6vikR56p5FELA,EUW1_7870416979,Gragas,True,3,6,11,TOP,1582
Ea9DrPZ8qeTNm7oTJEnw3Ez6rReZFBrFEHAxFa34eNpA3uzhpfyDXGurnK8zM_rFE6vikR56p5FELA,EUW1_7870411179,Urgot,True,10,1,4,TOP,1249
Ea9DrPZ8qeTNm7oTJEnw3Ez6rReZFBrFEHAxFa34eNpA3uzhpfyDXGurnK8zM_rFE6vikR56p5FELA,EUW1_7870411586,Urgot,False,3,4,1,TOP,1495
Ea9DrPZ8qeTNm7oTJEnw3Ez6rReZFBrFEHAxFa34eNpA3uzhpfyDXGurnK8zM_rFE6vikR56p5FELA,EUW1_7870404730,Urgot,False,9,9,2,TOP,1861
Ea9DrPZ8qeTNm7oTJEnw3Ez6rReZFBrFEHAxFa34eNpA3uzhpfyDXGurnK8zM_rFE6vikR56p5FELA,EUW1_7869362385,Varus,True,4,8,9,TOP,2010
Ea9DrPZ8qeTNm7oTJEnw3Ez6rReZFBrFEHAxFa34eNpA3uzhpfyDXGurnK8zM_rFE6vikR56p5FELA,EUW1_7869349353,Urgot,False,12,11,2,TOP,2026
Ea9DrPZ8qeTNm7oTJEnw3Ez6rReZFBrFEHAxFa34eNpA3uzhpfyDXGurnK8zM_rFE6vikR56p5FELA,EUW1_7843853830,Urgot,True,12,4,3,TOP,1408
Ea9DrPZ8qeTNm7oTJEnw3Ez6rReZFBrFEHAxFa34eNpA3uzhpfyDXGurnK8zM_rFE6vikR56p5FELA,EUW1_7797476676,Urgot,True,13,10,8,TOP,1907
Ea9DrPZ8qeTNm7oTJEnw3Ez6rReZFBrFEHAxFa34eNpA3uzhpfyDXGurnK8zM_rFE6vikR56p5FELA,EUW1_7797424491,Chogath,True,4,4,4,TOP,1449
Ea9DrPZ8qeTNm7oTJEnw3Ez6rReZFBrFEHAxFa34eNpA3uzhpfyDXGurnK8zM_rFE6vikR56p5FELA,EUW1_7797364524,Chogath,False,1,9,1,TOP,1611
Ea9DrPZ8qeTNm7oTJEnw3Ez6rReZFBrFEHAxFa34eNpA3uzhpfyDXGurnK8zM_rFE6vikR56p5FELA,EUW1_7797295042,Garen,False,5,9,3,TOP,1592
Ea9DrPZ8qeTNm7oTJEnw3Ez6rReZFBrFEHAxFa34eNpA3uzhpfyDXGurnK8zM_rFE6vikR56p5FELA,EUW1_7797251705,Urgot,True,9,0,0,TOP,916
Ea9DrPZ8qeTNm7oTJEnw3Ez6rReZFBrFEHAxFa34eNpA3uzhpfyDXGurnK8zM_rFE6vikR56p5FELA,EUW1_7776540826,Urgot,False,6,8,2,MIDDLE,1342
Ea9DrPZ8qeTNm7oTJEnw3Ez6rReZFBrFEHAxFa34eNpA3uzhpfyDXGurnK8zM_rFE6vikR56p5FELA,EUW1_7776439759,Urgot,True,12,4,8,TOP,1427
Ea9DrPZ8qeTNm7oTJEnw3Ez6rReZFBrFEHAxFa34eNpA3uzhpfyDXGurnK8zM_rFE6vikR56p5FELA,EUW1_7776386203,Gragas,False,0,7,1,TOP,1658
Ea9DrPZ8qeTNm7oTJEnw3Ez6rReZFBrFEHAxFa34eNpA3uzhpfyDXGurnK8zM_rFE6vikR56p5FELA,EUW1_7773008093,Urgot,True,14,5,3,TOP,1463
Ea9DrPZ8qeTNm7oTJEnw3Ez6rReZFBrFEHAxFa34eNpA3uzhpfyDXGurnK8zM_rFE6vikR56p5FELA,EUW1_7772936030,Urgot,False,12,9,3,TOP,1848
Ea9DrPZ8qeTNm7oTJEnw3Ez6rReZFBrFEHAxFa34eNpA3uzhpfyDXGurnK8zM_rFE6vikR56p5FELA,EUW1_7771859597,Urgot,False,0,8,1,TOP,946
Ea9DrPZ8qeTNm7oTJEnw3Ez6rReZFBrFEHAxFa34eNpA3uzhpfyDXGurnK8zM_rFE6vikR56p5FELA,EUW1_7771846629,Urgot,True,11,8,4,TOP,1558
Ea9DrPZ8qeTNm7oTJEnw3Ez6rReZFBrFEHAxFa34eNpA3uzhpfyDXGurnK8zM_rFE6vikR56p5FELA,EUW1_7771818403,Urgot,False,1,17,5,TOP,1808
Ea9DrPZ8qeTNm7oTJEnw3Ez6rReZFBrFEHAxFa34eNpA3uzhpfyDXGurnK8zM_rFE6vikR56p5FELA,EUW1_7771806891,Urgot,False,5,10,5,MIDDLE,1532
Ea9DrPZ8qeTNm7oTJEnw3Ez6rReZFBrFEHAxFa34eNpA3uzhpfyDXGurnK8zM_rFE6vikR56p5FELA,EUW1_7771793855,Urgot,True,4,2,1,TOP,931
Ea9DrPZ8qeTNm7oTJEnw3Ez6rReZFBrFEHAxFa34eNpA3uzhpfyDXGurnK8zM_rFE6vikR56p5FELA,EUW1_7771774678,Urgot,True,5,7,1,TOP,1583
Ea9DrPZ8qeTNm7oTJEnw3Ez6rReZFBrFEHAxFa34eNpA3uzhpfyDXGurnK8zM_rFE6vikR56p5FELA,EUW1_7771746355,Urgot,True,16,3,2,TOP,1435
Ea9DrPZ8qeTNm7oTJEnw3Ez6rReZFBrFEHAxFa34eNpA3uzhpfyDXGurnK8zM_rFE6vikR56p5FELA,EUW1_7771725888,Urgot,False,4,9,0,TOP,1414
Ea9DrPZ8qeTNm7oTJEnw3Ez6rReZFBrFEHAxFa34eNpA3uzhpfyDXGurnK8zM_rFE6vikR56p5FELA,EUW1_7771696308,Urgot,True,8,7,4,TOP,1483
Ea9DrPZ8qeTNm7oTJEnw3Ez6rReZFBrFEHAxFa34eNpA3uzhpfyDXGurnK8zM_rFE6vikR56p5FELA,EUW1_7770133424,Urgot,False,5,7,3,TOP,1426
Ea9DrPZ8qeTNm7oTJEnw3Ez6rReZFBrFEHAxFa34eNpA3uzhpfyDXGurnK8zM_rFE6vikR56p5FELA,EUW1_7770116331,Urgot,True,14,3,2,TOP,1494
Ea9DrPZ8qeTNm7oTJEnw3Ez6rReZFBrFEHAxFa34eNpA3uzhpfyDXGurnK8zM_rFE6vikR56p5FELA,EUW1_7770094666,Urgot,True,9,8,7,TOP,1943
Ea9DrPZ8qeTNm7oTJEnw3Ez6rReZFBrFEHAxFa34eNpA3uzhpfyDXGurnK8zM_rFE6vikR56p5FELA,EUW1_7770068052,Urgot,True,4,8,1,TOP,1465
Ea9DrPZ8qeTNm7oTJEnw3Ez6rReZFBrFEHAxFa34eNpA3uzhpfyDXGurnK8zM_rFE6vikR56p5FELA,EUW1_7768253294,Urgot,True,5,11,4,TOP,1489
Ea9DrPZ8qeTNm7oTJEnw3Ez6rReZFBrFEHAxFa34eNpA3uzhpfyDXGurnK8zM_rFE6vikR56p5FELA,EUW1_7768229443,Yasuo,True,0,4,3,TOP,1422
Ea9DrPZ8qeTNm7oTJEnw3Ez6rReZFBrFEHAxFa34eNpA3uzhpfyDXGurnK8zM_rFE6vikR56p5FELA,EUW1_7768197029,Urgot,False,10,10,1,TOP,1765
Ea9DrPZ8qeTNm7oTJEnw3Ez6rReZFBrFEHAxFa34eNpA3uzhpfyDXGurnK8zM_rFE6vikR56p5FELA,EUW1_7768150189,Urgot,False,13,15,5,TOP,2076
Ea9DrPZ8qeTNm7oTJEnw3Ez6rReZFBrFEHAxFa34eNpA3uzhpfyDXGurnK8zM_rFE6vikR56p5FELA,EUW1_7768104262,Urgot,True,7,8,9,TOP,1682
Ea9DrPZ8qeTNm7oTJEnw3Ez6rReZFBrFEHAxFa34eNpA3uzhpfyDXGurnK8zM_rFE6vikR56p5FELA,EUW1_7768024819,Urgot,True,11,10,13,TOP,2733
Ea9DrPZ8qeTNm7oTJEnw3Ez6rReZFBrFEHAxFa34eNpA3uzhpfyDXGurnK8zM_rFE6vikR56p5FELA,EUW1_7766366055,Urgot,False,8,9,3,TOP,1590
Ea9DrPZ8qeTNm7oTJEnw3Ez6rReZFBrFEHAxFa34eNpA3uzhpfyDXGurnK8zM_rFE6vikR56p5FELA,EUW1_7766323421,Urgot,True,11,4,6,TOP,1566
Ea9DrPZ8qeTNm7oTJEnw3Ez6rReZFBrFEHAxFa34eNpA3uzhpfyDXGurnK8zM_rFE6vikR56p5FELA,EUW1_7766280830,Urgot,True,18,5,5,TOP,1622
Ea9DrPZ8qeTNm7oTJEnw3Ez6rReZFBrFEHAxFa34eNpA3uzhpfyDXGurnK8zM_rFE6vikR56p5FELA,EUW1_7766241174,Urgot,False,0,5,1,TOP,983
Ea9DrPZ8qeTNm7oTJEnw3Ez6rReZFBrFEHAxFa34eNpA3uzhpfyDXGurnK8zM_rFE6vikR56p5FELA,EUW1_7766190864,Urgot,True,10,2,7,TOP,1483
Ea9DrPZ8qeTNm7oTJEnw3Ez6rReZFBrFEHAxFa34eNpA3uzhpfyDXGurnK8zM_rFE6vikR56p5FELA,EUW1_7764854168,Urgot,False,9,10,0,TOP,1733
Ea9DrPZ8qeTNm7oTJEnw3Ez6rReZFBrFEHAxFa34eNpA3uzhpfyDXGurnK8zM_rFE6vikR56p5FELA,EUW1_7764836094,Urgot,True,8,13,8,TOP,2347
Ea9DrPZ8qeTNm7oTJEnw3Ez6rReZFBrFEHAxFa34eNpA3uzhpfyDXGurnK8zM_rFE6vikR56p5FELA,EUW1_7764828513,Urgot,True,8,5,1,TOP,1313
Ea9DrPZ8qeTNm7oTJEnw3Ez6rReZFBrFEHAxFa34eNpA3uzhpfyDXGurnK8zM_rFE6vikR56p5FELA,EUW1_7764811659,Urgot,True,13,3,6,TOP,1403
lQ6kJJa-UGmdlSaD6RcRJeGDOjpJsy3jflRvpDNO0h_nJOG5PBtJbUIVzHn0IxioHqAGN-x2W74ZUQ,EUW1_7890023464,MasterYi,True,6,4,2,TOP,1129
lQ6kJJa-UGmdlSaD6RcRJeGDOjpJsy3jflRvpDNO0h_nJOG5PBtJbUIVzHn0IxioHqAGN-x2W74ZUQ,EUW1_7890000322,Riven,False,0,9,2,TOP,1361
lQ6kJJa-UGmdlSaD6RcRJeGDOjpJsy3jflRvpDNO0h_nJOG5PBtJbUIVzHn0IxioHqAGN-x2W74ZUQ,EUW1_7862203039,Vayne,False,3,8,2,TOP,1323
lQ6kJJa-UGmdlSaD6RcRJeGDOjpJsy3jflRvpDNO0h_nJOG5PBtJbUIVzHn0IxioHqAGN-x2W74ZUQ,EUW1_7862167593,Shen,False,7,9,11,TOP,1990
lQ6kJJa-UGmdlSaD6RcRJeGDOjpJsy3jflRvpDNO0h_nJOG5PBtJbUIVzHn0IxioHqAGN-x2W74ZUQ,EUW1_7862150479,Shen,True,2,1,3,TOP,962
lQ6kJJa-UGmdlSaD6RcRJeGDOjpJsy3jflRvpDNO0h_nJOG5PBtJbUIVzHn0IxioHqAGN-x2W74ZUQ,EUW1_7826240629,Gragas,True,11,4,13,TOP,2196
lQ6kJJa-UGmdlSaD6RcRJeGDOjpJsy3jflRvpDNO0h_nJOG5PBtJbUIVzHn0IxioHqAGN-x2W74ZUQ,EUW1_7826177992,Shen,False,3,9,5,TOP,1796
lQ6kJJa-UGmdlSaD6RcRJeGDOjpJsy3jflRvpDNO0h_nJOG5PBtJbUIVzHn0IxioHqAGN-x2W74ZUQ,EUW1_7826116653,Shen,False,4,6,9,TOP,2192
lQ6kJJa-UGmdlSaD6RcRJeGDOjpJsy3jflRvpDNO0h_nJOG5PBtJbUIVzHn0IxioHqAGN-x2W74ZUQ,EUW1_7825288327,Shen,True,4,3,14,TOP,1638
lQ6kJJa-UGmdlSaD6RcRJeGDOjpJsy3jflRvpDNO0h_nJOG5PBtJbUIVzHn0IxioHqAGN-x2W74ZUQ,EUW1_7825247429,Shen,True,5,4,3,TOP,1334
lQ6kJJa-UGmdlSaD6RcRJeGDOjpJsy3jflRvpDNO0h_nJOG5PBtJbUIVzHn0IxioHqAGN-x2W74ZUQ,EUW1_7825195568,Shen,True,5,3,14,TOP,2109
lQ6kJJa-UGmdlSaD6RcRJeGDOjpJsy3jflRvpDNO0h_nJOG5PBtJbUIVzHn0IxioHqAGN-x2W74ZUQ,EUW1_7825158494,Poppy,False,1,5,0,TOP,1189
lQ6kJJa-UGmdlSaD6RcRJeGDOjpJsy3jflRvpDNO0h_nJOG5PBtJbUIVzHn0IxioHqAGN-x2W74ZUQ,EUW1_7824932971,Shen,True,3,5,12,TOP,1918
lQ6kJJa-UGmdlSaD6RcRJeGDOjpJsy3jflRvpDNO0h_nJOG5PBtJbUIVzHn0IxioHqAGN-x2W74ZUQ,EUW1_7824887231,Shen,True,5,3,7,TOP,1381
lQ6kJJa-UGmdlSaD6RcRJeGDOjpJsy3jflRvpDNO0h_nJOG5PBtJbUIVzHn0IxioHqAGN-x2W74ZUQ,EUW1_7824841547,Shen,False,4,10,8,TOP,2213
lQ6kJJa-UGmdlSaD6RcRJeGDOjpJsy3jflRvpDNO0h_nJOG5PBtJbUIVzHn0IxioHqAGN-x2W74ZUQ,EUW1_7823855820,Shen,True,6,5,12,TOP,2039
lQ6kJJa-UGmdlSaD6RcRJeGDOjpJsy3jflRvpDNO0h_nJOG5PBtJbUIVzHn0IxioHqAGN-x2W74ZUQ,EUW1_7823801013,Shen,False,4,6,7,TOP,1769
lQ6kJJa-UGmdlSaD6RcRJeGDOjpJsy3jflRvpDNO0h_nJOG5PBtJbUIVzHn0IxioHqAGN-x2W74ZUQ,EUW1_7823747093,Shen,True,1,6,12,TOP,1953
lQ6kJJa-UGmdlSaD6RcRJeGDOjpJsy3jflRvpDNO0h_nJOG5PBtJbUIVzHn0IxioHqAGN-x2W74ZUQ,EUW1_7823706124,Gragas,False,5,6,2,TOP,1564
lQ6kJJa-UGmdlSaD6RcRJeGDOjpJsy3jflRvpDNO0h_nJOG5PBtJbUIVzHn0IxioHqAGN-x2W74ZUQ,EUW1_7823049861,Gragas,True,1,5,9,TOP,2073
lQ6kJJa-UGmdlSaD6RcRJeGDOjpJsy3jflRvpDNO0h_nJOG5PBtJbUIVzHn0IxioHqAGN-x2W74ZUQ,EUW1_7823047561,Vi,True,0,0,0,TOP,79
lQ6kJJa-UGmdlSaD6RcRJeGDOjpJsy3jflRvpDNO0h_nJOG5PBtJbUIVzHn0IxioHqAGN-x2W74ZUQ,EUW1_7822837389,Shen,True,5,0,17,TOP,1633
lQ6kJJa-UGmdlSaD6RcRJeGDOjpJsy3jflRvpDNO0h_nJOG5PBtJbUIVzHn0IxioHqAGN-x2W74ZUQ,EUW1_7822763614,Shen,True,7,2,15,TOP,2531
lQ6kJJa-UGmdlSaD6RcRJeGDOjpJsy3jflRvpDNO0h_nJOG5PBtJbUIVzHn0IxioHqAGN-x2W74ZUQ,EUW1_7822704738,Gragas,False,4,4,2,TOP,1637
lQ6kJJa-UGmdlSaD6RcRJeGDOjpJsy3jflRvpDNO0h_nJOG5PBtJbUIVzHn0IxioHqAGN-x2W74ZUQ,EUW1_7822658742,Shen,True,3,2,3,TOP,1424
lQ6kJJa-UGmdlSaD6RcRJeGDOjpJsy3jflRvpDNO0h_nJOG5PBtJbUIVzHn0IxioHqAGN-x2W74ZUQ,EUW1_7822599758,Shen,False,6,2,4,TOP,2120
lQ6kJJa-UGmdlSaD6RcRJeGDOjpJsy3jflRvpDNO0h_nJOG5PBtJbUIVzHn0IxioHqAGN-x2W74ZUQ,EUW1_7821971057,Shen,True,9,5,8,TOP,1674
lQ6kJJa-UGmdlSaD6RcRJeGDOjpJsy3jflRvpDNO0h_nJOG5PBtJbUIVzHn0IxioHqAGN-x2W74ZUQ,EUW1_7821947195,Shen,True,9,3,8,TOP,1826
lQ6kJJa-UGmdlSaD6RcRJeGDOjpJsy3jflRvpDNO0h_nJOG5PBtJbUIVzHn0IxioHqAGN-x2W74ZUQ,EUW1_7821920014,Shen,False,8,8,13,TOP,1874
lQ6kJJa-UGmdlSaD6RcRJeGDOjpJsy3jflRvpDNO0h_nJOG5PBtJbUIVzHn0IxioHqAGN-x2W74ZUQ,EUW1_7821896668,Shen,True,3,4,9,TOP,1627
lQ6kJJa-UGmdlSaD6RcRJeGDOjpJsy3jflRvpDNO0h_nJOG5PBtJbUIVzHn0IxioHqAGN-x2W74ZUQ,EUW1_7821275773,Ambessa,True,6,7,4,TOP,1693
lQ6kJJa-UGmdlSaD6RcRJeGDOjpJsy3jflRvpDNO0h_nJOG5PBtJbUIVzHn0IxioHqAGN-x2W74ZUQ,EUW1_7821226454,Mordekaiser,False,10,8,5,TOP,2147
lQ6kJJa-UGmdlSaD6RcRJeGDOjpJsy3jflRvpDNO0h_nJOG5PBtJbUIVzHn0IxioHqAGN-x2W74ZUQ,EUW1_7821184306,Cassiopeia,False,10,6,0,TOP,1612
lQ6kJJa-UGmdlSaD6RcRJeGDOjpJsy3jflRvpDNO0h_nJOG5PBtJbUIVzHn0IxioHqAGN-x2W74ZUQ,EUW1_7821158854,Gragas,True,1,7,5,TOP,1685
lQ6kJJa-UGmdlSaD6RcRJeGDOjpJsy3jflRvpDNO0h_nJOG5PBtJbUIVzHn0IxioHqAGN-x2W74ZUQ,EUW1_7821127090,Shen,False,1,3,3,TOP,1698
lQ6kJJa-UGmdlSaD6RcRJeGDOjpJsy3jflRvpDNO0h_nJOG5PBtJbUIVzHn0IxioHqAGN-x2W74ZUQ,EUW1_7820898116,Gragas,True,10,1,5,TOP,1681
lQ6kJJa-UGmdlSaD6RcRJeGDOjpJsy3jflRvpDNO0h_nJOG5PBtJbUIVzHn0IxioHqAGN-x2W74ZUQ,EUW1_7820887947,Jinx,True,3,3,7,BOTTOM,1491
lQ6kJJa-UGmdlSaD6RcRJeGDOjpJsy3jflRvpDNO0h_nJOG5PBtJbUIVzHn0IxioHqAGN-x2W74ZUQ,EUW1_7820884994,Sivir,False,0,0,1,BOTTOM,332
lQ6kJJa-UGmdlSaD6RcRJeGDOjpJsy3jflRvpDNO0h_nJOG5PBtJbUIVzHn0IxioHqAGN-x2W74ZUQ,EUW1_7820875833,Yunara,False,0,6,1,BOTTOM,1110
lQ6kJJa-UGmdlSaD6RcRJeGDOjpJsy3jflRvpDNO0h_nJOG5PBtJbUIVzHn0IxioHqAGN-x2W74ZUQ,EUW1_7820849985,Teemo,False,5,9,4,TOP,1950
lQ6kJJa-UGmdlSaD6RcRJeGDOjpJsy3jflRvpDNO0h_nJOG5PBtJbUIVzHn0IxioHqAGN-x2W74ZUQ,EUW1_7820811386,Shen,False,2,7,10,TOP,2427
lQ6kJJa-UGmdlSaD6RcRJeGDOjpJsy3jflRvpDNO0h_nJOG5PBtJbUIVzHn0IxioHqAGN-x2W74ZUQ,EUW1_7820782896,Shen,False,11,5,6,TOP,1586
lQ6kJJa-UGmdlSaD6RcRJeGDOjpJsy3jflRvpDNO0h_nJOG5PBtJbUIVzHn0IxioHqAGN-x2W74ZUQ,EUW1_7815070511,Shyvana,False,4,9,3,JUNGLE,1337
lQ6kJJa-UGmdlSaD6RcRJeGDOjpJsy3jflRvpDNO0h_nJOG5PBtJbUIVzHn0IxioHqAGN-x2W74ZUQ,EUW1_7815038196,JarvanIV,True,3,3,19,JUNGLE,1380
lQ6kJJa-UGmdlSaD6RcRJeGDOjpJsy3jflRvpDNO0h_nJOG5PBtJbUIVzHn0IxioHqAGN-x2W74ZUQ,EUW1_7815016596,Nocturne,False,13,9,5,JUNGLE,1469
lQ6kJJa-UGmdlSaD6RcRJeGDOjpJsy3jflRvpDNO0h_nJOG5PBtJbUIVzHn0IxioHqAGN-x2W74ZUQ,EUW1_7814980216,Kayle,False,4,8,4,TOP,1964
lQ6kJJa-UGmdlSaD6RcRJeGDOjpJsy3jflRvpDNO0h_nJOG5PBtJbUIVzHn0IxioHqAGN-x2W74ZUQ,EUW1_7814954608,Gnar,False,4,8,6,TOP,1939
lQ6kJJa-UGmdlSaD6RcRJeGDOjpJsy3jflRvpDNO0h_nJOG5PBtJbUIVzHn0IxioHqAGN-x2W74ZUQ,EUW1_7814929397,Shen,False,5,8,3,TOP,1471
lQ6kJJa-UGmdlSaD6RcRJeGDOjpJsy3jflRvpDNO0h_nJOG5PBtJbUIVzHn0IxioHqAGN-x2W74ZUQ,EUW1_7814677236,Shen,True,8,3,3,TOP,1218
qT8C8M1dYEv3wTK8owqhb3rSC8wpxikl0fPWfM6jH_OcR5uw8fjCkntpwd6YU0HX6KgTdaa7VpB3gg,EUW1_7859051945,Gangplank,True,3,0,3,TOP,931
qT8C8M1dYEv3wTK8owqhb3rSC8wpxikl0fPWfM6jH_OcR5uw8fjCkntpwd6YU0HX6KgTdaa7VpB3gg,EUW1_7859025541,Gangplank,False,7,6,4,TOP,1573
qT8C8M1dYEv3wTK8owqhb3rSC8wpxikl0fPWfM6jH_OcR5uw8fjCkntpwd6YU0HX6KgTdaa7VpB3gg,EUW1_7846712093,Gangplank,False,3,9,1,TOP,1360
qT8C8M1dYEv3wTK8owqhb3rSC8wpxikl0fPWfM6jH_OcR5uw8fjCkntpwd6YU0HX6KgTdaa7VpB3gg,EUW1_7846672905,Gangplank,False,5,6,4,TOP,1584
qT8C8M1dYEv3wTK8owqhb3rSC8wpxikl0fPWfM6jH_OcR5uw8fjCkntpwd6YU0HX6KgTdaa7VpB3gg,EUW1_7844565108,Gangplank,False,2,7,5,TOP,1894
qT8C8M1dYEv3wTK8owqhb3rSC8wpxikl0fPWfM6jH_OcR5uw8fjCkntpwd6YU0HX6KgTdaa7VpB3gg,EUW1_7844529602,Gangplank,False,7,9,7,TOP,1837
qT8C8M1dYEv3wTK8owqhb3rSC8wpxikl0fPWfM6jH_OcR5uw8fjCkntpwd6YU0HX6KgTdaa7VpB3gg,EUW1_7844497273,Rumble,False,3,5,6,TOP,1138
qT8C8M1dYEv3wTK8owqhb3rSC8wpxikl0fPWfM6jH_OcR5uw8fjCkntpwd6YU0HX6KgTdaa7VpB3gg,EUW1_7844467974,Sylas,True,1,5,6,TOP,1341
qT8C8M1dYEv3wTK8owqhb3rSC8wpxikl0fPWfM6jH_OcR5uw8fjCkntpwd6YU0HX6KgTdaa7VpB3gg,EUW1_7843896219,Gangplank,False,4,6,10,TOP,1919
qT8C8M1dYEv3wTK8owqhb3rSC8wpxikl0fPWfM6jH_OcR5uw8fjCkntpwd6YU0HX6KgTdaa7VpB3gg,EUW1_7843861847,Gangplank,False,1,9,1,TOP,1240
qT8C8M1dYEv3wTK8owqhb3rSC8wpxikl0fPWfM6jH_OcR5uw8fjCkntpwd6YU0HX6KgTdaa7VpB3gg,EUW1_7843561703,Gangplank,False,11,9,10,TOP,1606
qT8C8M1dYEv3wTK8owqhb3rSC8wpxikl0fPWfM6jH_OcR5uw8fjCkntpwd6YU0HX6KgTdaa7VpB3gg,EUW1_7843514475,Gangplank,True,5,3,14,TOP,1646
qT8C8M1dYEv3wTK8owqhb3rSC8wpxikl0fPWfM6jH_OcR5uw8fjCkntpwd6YU0HX6KgTdaa7VpB3gg,EUW1_7843476718,Gangplank,True,5,2,5,TOP,1489
qT8C8M1dYEv3wTK8owqhb3rSC8wpxikl0fPWfM6jH_OcR5uw8fjCkntpwd6YU0HX6KgTdaa7VpB3gg,EUW1_7843437462,Gangplank,False,2,5,7,TOP,1810
qT8C8M1dYEv3wTK8owqhb3rSC8wpxikl0fPWfM6jH_OcR5uw8fjCkntpwd6YU0HX6KgTdaa7VpB3gg,EUW1_7843408588,Gangplank,False,3,8,2,TOP,1368
qT8C8M1dYEv3wTK8owqhb3rSC8wpxikl0fPWfM6jH_OcR5uw8fjCkntpwd6YU0HX6KgTdaa7VpB3gg,EUW1_7842094563,Gangplank,True,8,6,9,TOP,1796
qT8C8M1dYEv3wTK8owqhb3rSC8wpxikl0fPWfM6jH_OcR5uw8fjCkntpwd6YU0HX6KgTdaa7VpB3gg,EUW1_7842071686,Gangplank,False,7,4,5,TOP,1504
qT8C8M1dYEv3wTK8owqhb3rSC8wpxikl0fPWfM6jH_OcR5uw8fjCkntpwd6YU0HX6KgTdaa7VpB3gg,EUW1_7842039367,Gangplank,False,5,8,15,TOP,2178
qT8C8M1dYEv3wTK8owqhb3rSC8wpxikl0fPWfM6jH_OcR5uw8fjCkntpwd6YU0HX6KgTdaa7VpB3gg,EUW1_7842002126,Gangplank,True,9,1,10,TOP,1674
qT8C8M1dYEv3wTK8owqhb3rSC8wpxikl0fPWfM6jH_OcR5uw8fjCkntpwd6YU0HX6KgTdaa7VpB3gg,EUW1_7839887087,Gangplank,True,7,4,10,TOP,1735
qT8C8M1dYEv3wTK8owqhb3rSC8wpxikl0fPWfM6jH_OcR5uw8fjCkntpwd6YU0HX6KgTdaa7VpB3gg,EUW1_7839857487,Gangplank,True,8,3,8,TOP,1357
qT8C8M1dYEv3wTK8owqhb3rSC8wpxikl0fPWfM6jH_OcR5uw8fjCkntpwd6YU0HX6KgTdaa7VpB3gg,EUW1_7839828186,Gangplank,True,0,1,7,TOP,931
qT8C8M1dYEv3wTK8owqhb3rSC8wpxikl0fPWfM6jH_OcR5uw8fjCkntpwd6YU0HX6KgTdaa7VpB3gg,EUW1_7839770770,Gangplank,True,7,2,8,TOP,1834
qT8C8M1dYEv3wTK8owqhb3rSC8wpxikl0fPWfM6jH_OcR5uw8fjCkntpwd6YU0HX6KgTdaa7VpB3gg,EUW1_7839626172,Gangplank,True,5,9,9,TOP,1535
qT8C8M1dYEv3wTK8owqhb3rSC8wpxikl0fPWfM6jH_OcR5uw8fjCkntpwd6YU0HX6KgTdaa7VpB3gg,EUW1_7839083841,Gangplank,True,7,5,19,TOP,2180
qT8C8M1dYEv3wTK8owqhb3rSC8wpxikl0fPWfM6jH_OcR5uw8fjCkntpwd6YU0HX6KgTdaa7VpB3gg,EUW1_7839041138,Gangplank,True,8,2,11,TOP,1487
qT8C8M1dYEv3wTK8owqhb3rSC8wpxikl0fPWfM6jH_OcR5uw8fjCkntpwd6YU0HX6KgTdaa7VpB3gg,EUW1_7838941748,Ryze,True,6,9,3,TOP,1862
qT8C8M1dYEv3wTK8owqhb3rSC8wpxikl0fPWfM6jH_OcR5uw8fjCkntpwd6YU0HX6KgTdaa7VpB3gg,EUW1_7838911509,Gangplank,True,3,5,10,TOP,1390
qT8C8M1dYEv3wTK8owqhb3rSC8wpxikl0fPWfM6jH_OcR5uw8fjCkntpwd6YU0HX6KgTdaa7VpB3gg,EUW1_7838867124,Gangplank,True,4,8,10,TOP,1724
qT8C8M1dYEv3wTK8owqhb3rSC8wpxikl0fPWfM6jH_OcR5uw8fjCkntpwd6YU0HX6KgTdaa7VpB3gg,EUW1_7838828421,Gangplank,False,5,3,4,TOP,1596
qT8C8M1dYEv3wTK8owqhb3rSC8wpxikl0fPWfM6jH_OcR5uw8fjCkntpwd6YU0HX6KgTdaa7VpB3gg,EUW1_7838786087,Gangplank,True,3,7,9,TOP,1996
qT8C8M1dYEv3wTK8owqhb3rSC8wpxikl0fPWfM6jH_OcR5uw8fjCkntpwd6YU0HX6KgTdaa7VpB3gg,EUW1_7838758450,Gangplank,False,2,6,2,TOP,932
qT8C8M1dYEv3wTK8owqhb3rSC8wpxikl0fPWfM6jH_OcR5uw8fjCkntpwd6YU0HX6KgTdaa7VpB3gg,EUW1_7838740164,Gangplank,True,2,4,1,TOP,933
qT8C8M1dYEv3wTK8owqhb3rSC8wpxikl0fPWfM6jH_OcR5uw8fjCkntpwd6YU0HX6KgTdaa7VpB3gg,EUW1_7838697279,Gangplank,True,3,2,5,TOP,923
qT8C8M1dYEv3wTK8owqhb3rSC8wpxikl0fPWfM6jH_OcR5uw8fjCkntpwd6YU0HX6KgTdaa7VpB3gg,EUW1_7837801859,Gangplank,True,2,3,8,TOP,1387
qT8C8M1dYEv3wTK8owqhb3rSC8wpxikl0fPWfM6jH_OcR5uw8fjCkntpwd6YU0HX6KgTdaa7VpB3gg,EUW1_7837707987,Gangplank,True,2,4,12,TOP,1896
qT8C8M1dYEv3wTK8owqhb3rSC8wpxikl0fPWfM6jH_OcR5uw8fjCkntpwd6YU0HX6KgTdaa7VpB3gg,EUW1_7837652275,Gangplank,True,5,8,12,TOP,1742
qT8C8M1dYEv3wTK8owqhb3rSC8wpxikl0fPWfM6jH_OcR5uw8fjCkntpwd6YU0HX6KgTdaa7VpB3gg,EUW1_7837626182,Gangplank,True,6,6,11,TOP,1423
qT8C8M1dYEv3wTK8owqhb3rSC8wpxikl0fPWfM6jH_OcR5uw8fjCkntpwd6YU0HX6KgTdaa7VpB3gg,EUW1_7837589805,Gangplank,True,11,7,16,TOP,2276
qT8C8M1dYEv3wTK8owqhb3rSC8wpxikl0fPWfM6jH_OcR5uw8fjCkntpwd6YU0HX6KgTdaa7VpB3gg,EUW1_7836789366,Gangplank,True,4,3,3,TOP,914
qT8C8M1dYEv3wTK8owqhb3rSC8wpxikl0fPWfM6jH_OcR5uw8fjCkntpwd6YU0HX6KgTdaa7VpB3gg,EUW1_7836724498,Gangplank,False,4,12,16,TOP,2251
qT8C8M1dYEv3wTK8owqhb3rSC8wpxikl0fPWfM6jH_OcR5uw8fjCkntpwd6YU0HX6KgTdaa7VpB3gg,EUW1_7836673984,Gangplank,True,12,6,12,TOP,1754
qT8C8M1dYEv3wTK8owqhb3rSC8wpxikl0fPWfM6jH_OcR5uw8fjCkntpwd6YU0HX6KgTdaa7VpB3gg,EUW1_7836631023,Gangplank,False,8,8,7,TOP,1663
qT8C8M1dYEv3wTK8owqhb3rSC8wpxikl0fPWfM6jH_OcR5uw8fjCkntpwd6YU0HX6KgTdaa7VpB3gg,EUW1_7827175706,Gangplank,False,5,9,6,TOP,1846
qT8C8M1dYEv3wTK8owqhb3rSC8wpxikl0fPWfM6jH_OcR5uw8fjCkntpwd6YU0HX6KgTdaa7VpB3gg,EUW1_7826217222,Gangplank,True,4,6,9,TOP,1901
qT8C8M1dYEv3wTK8owqhb3rSC8wpxikl0fPWfM6jH_OcR5uw8fjCkntpwd6YU0HX6KgTdaa7VpB3gg,EUW1_7826153462,Gangplank,False,6,13,9,TOP,2326
qT8C8M1dYEv3wTK8owqhb3rSC8wpxikl0fPWfM6jH_OcR5uw8fjCkntpwd6YU0HX6KgTdaa7VpB3gg,EUW1_7826090508,Gangplank,True,3,6,11,TOP,2168
qT8C8M1dYEv3wTK8owqhb3rSC8wpxikl0fPWfM6jH_OcR5uw8fjCkntpwd6YU0HX6KgTdaa7VpB3gg,EUW1_7825838027,Gangplank,False,3,7,8,TOP,1908
qT8C8M1dYEv3wTK8owqhb3rSC8wpxikl0fPWfM6jH_OcR5uw8fjCkntpwd6YU0HX6KgTdaa7VpB3gg,EUW1_7825794287,Gangplank,True,6,5,7,TOP,1465
qT8C8M1dYEv3wTK8owqhb3rSC8wpxikl0fPWfM6jH_OcR5uw8fjCkntpwd6YU0HX6KgTdaa7VpB3gg,EUW1_7825177384,Gangplank,True,6,4,10,TOP,1257
YQKvxE_8o229geU7UpJ2jbdoDYrXmGYUvpXMduNm9phomsJG0G0U83gqP_nCbEO2tM0Zz8RIe3HllQ,EUW1_7896830455,Blitzcrank,True,1,4,24,UTILITY,1929
YQKvxE_8o229geU7UpJ2jbdoDYrXmGYUvpXMduNm9phomsJG0G0U83gqP_nCbEO2tM0Zz8RIe3HllQ,EUW1_7889765054,Seraphine,True,5,0,7,BOTTOM,1150
YQKvxE_8o229geU7UpJ2jbdoDYrXmGYUvpXMduNm9phomsJG0G0U83gqP_nCbEO2tM0Zz8RIe3HllQ,EUW1_7881107287,Rell,True,1,1,12,UTILITY,1181
YQKvxE_8o229geU7UpJ2jbdoDYrXmGYUvpXMduNm9phomsJG0G0U83gqP_nCbEO2tM0Zz8RIe3HllQ,EUW1_7877416571,Nautilus,True,3,1,8,UTILITY,1248
YQKvxE_8o229geU7UpJ2jbdoDYrXmGYUvpXMduNm9phomsJG0G0U83gqP_nCbEO2tM0Zz8RIe3HllQ,EUW1_7877379514,Nautilus,True,3,3,21,UTILITY,1592
YQKvxE_8o229geU7UpJ2jbdoDYrXmGYUvpXMduNm9phomsJG0G0U83gqP_nCbEO2tM0Zz8RIe3HllQ,EUW1_7877331748,Milio,False,2,3,18,UTILITY,2217
YQKvxE_8o229geU7UpJ2jbdoDYrXmGYUvpXMduNm9phomsJG0G0U83gqP_nCbEO2tM0Zz8RIe3HllQ,EUW1_7877297747,Karma,True,1,2,14,UTILITY,1513
YQKvxE_8o229geU7UpJ2jbdoDYrXmGYUvpXMduNm9phomsJG0G0U83gqP_nCbEO2tM0Zz8RIe3HllQ,EUW1_7872033133,Thresh,False,2,9,5,UTILITY,1449
YQKvxE_8o229geU7UpJ2jbdoDYrXmGYUvpXMduNm9phomsJG0G0U83gqP_nCbEO2tM0Zz8RIe3HllQ,EUW1_7871983297,Karma,False,3,4,10,UTILITY,1782
YQKvxE_8o229geU7UpJ2jbdoDYrXmGYUvpXMduNm9phomsJG0G0U83gqP_nCbEO2tM0Zz8RIe3HllQ,EUW1_7871924248,Milio,True,0,5,25,UTILITY,2074
YQKvxE_8o229geU7UpJ2jbdoDYrXmGYUvpXMduNm9phomsJG0G0U83gqP_nCbEO2tM0Zz8RIe3HllQ,EUW1_7871886624,Nautilus,False,1,5,7,UTILITY,1378
YQKvxE_8o229geU7UpJ2jbdoDYrXmGYUvpXMduNm9phomsJG0G0U83gqP_nCbEO2tM0Zz8RIe3HllQ,EUW1_7868858996,Thresh,True,1,4,31,UTILITY,1673
YQKvxE_8o229geU7UpJ2jbdoDYrXmGYUvpXMduNm9phomsJG0G0U83gqP_nCbEO2tM0Zz8RIe3HllQ,EUW1_7868850172,Alistar,False,0,0,0,UTILITY,89
YQKvxE_8o229geU7UpJ2jbdoDYrXmGYUvpXMduNm9phomsJG0G0U83gqP_nCbEO2tM0Zz8RIe3HllQ,EUW1_7868806141,Rell,False,3,5,16,UTILITY,1468
YQKvxE_8o229geU7UpJ2jbdoDYrXmGYUvpXMduNm9phomsJG0G0U83gqP_nCbEO2tM0Zz8RIe3HllQ,EUW1_7868196861,Nautilus,False,4,9,22,UTILITY,2244
YQKvxE_8o229geU7UpJ2jbdoDYrXmGYUvpXMduNm9phomsJG0G0U83gqP_nCbEO2tM0Zz8RIe3HllQ,EUW1_7868173391,Rell,True,4,2,7,UTILITY,1119
YQKvxE_8o229geU7UpJ2jbdoDYrXmGYUvpXMduNm9phomsJG0G0U83gqP_nCbEO2tM0Zz8RIe3HllQ,EUW1_7868159785,Seraphine,False,1,2,1,BOTTOM,937
YQKvxE_8o229geU7UpJ2jbdoDYrXmGYUvpXMduNm9phomsJG0G0U83gqP_nCbEO2tM0Zz8RIe3HllQ,EUW1_7868127648,Nautilus,False,0,7,7,UTILITY,1640
YQKvxE_8o229geU7UpJ2jbdoDYrXmGYUvpXMduNm9phomsJG0G0U83gqP_nCbEO2tM0Zz8RIe3HllQ,EUW1_7868088889,Bard,False,8,6,10,UTILITY,1567
YQKvxE_8o229geU7UpJ2jbdoDYrXmGYUvpXMduNm9phomsJG0G0U83gqP_nCbEO2tM0Zz8RIe3HllQ,EUW1_7867676521,Karma,True,0,0,6,UTILITY,910
YQKvxE_8o229geU7UpJ2jbdoDYrXmGYUvpXMduNm9phomsJG0G0U83gqP_nCbEO2tM0Zz8RIe3HllQ,EUW1_7864731786,Nautilus,True,3,3,14,UTILITY,1381
YQKvxE_8o229geU7UpJ2jbdoDYrXmGYUvpXMduNm9phomsJG0G0U83gqP_nCbEO2tM0Zz8RIe3HllQ,EUW1_7864652043,Alistar,True,1,5,23,UTILITY,2013
YQKvxE_8o229geU7UpJ2jbdoDYrXmGYUvpXMduNm9phomsJG0G0U83gqP_nCbEO2tM0Zz8RIe3HllQ,EUW1_7864607548,Karma,False,1,8,13,UTILITY,1650
YQKvxE_8o229geU7UpJ2jbdoDYrXmGYUvpXMduNm9phomsJG0G0U83gqP_nCbEO2tM0Zz8RIe3HllQ,EUW1_7864560067,Karma,True,2,4,20,UTILITY,1680
YQKvxE_8o229geU7UpJ2jbdoDYrXmGYUvpXMduNm9phomsJG0G0U83gqP_nCbEO2tM0Zz8RIe3HllQ,EUW1_7864516848,Rell,False,6,7,13,UTILITY,1780
YQKvxE_8o229geU7UpJ2jbdoDYrXmGYUvpXMduNm9phomsJG0G0U83gqP_nCbEO2tM0Zz8RIe3HllQ,EUW1_7864443690,Rell,True,3,5,24,UTILITY,1932
YQKvxE_8o229geU7UpJ2jbdoDYrXmGYUvpXMduNm9phomsJG0G0U83gqP_nCbEO2tM0Zz8RIe3HllQ,EUW1_7861657049,Nautilus,True,2,2,7,UTILITY,1405
YQKvxE_8o229geU7UpJ2jbdoDYrXmGYUvpXMduNm9phomsJG0G0U83gqP_nCbEO2tM0Zz8RIe3HllQ,EUW1_7861621758,Bard,False,4,2,5,UTILITY,1324
YQKvxE_8o229geU7UpJ2jbdoDYrXmGYUvpXMduNm9phomsJG0G0U83gqP_nCbEO2tM0Zz8RIe3HllQ,EUW1_7860282102,Blitzcrank,True,3,4,19,UTILITY,2114
YQKvxE_8o229geU7UpJ2jbdoDYrXmGYUvpXMduNm9phomsJG0G0U83gqP_nCbEO2tM0Zz8RIe3HllQ,EUW1_7860235108,Bard,True,7,6,11,UTILITY,1881
YQKvxE_8o229geU7UpJ2jbdoDYrXmGYUvpXMduNm9phomsJG0G0U83gqP_nCbEO2tM0Zz8RIe3HllQ,EUW1_7853471989,Rell,True,0,11,28,UTILITY,2312
YQKvxE_8o229geU7UpJ2jbdoDYrXmGYUvpXMduNm9phomsJG0G0U83gqP_nCbEO2tM0Zz8RIe3HllQ,EUW1_7853434712,Karma,False,1,8,7,UTILITY,1493
YQKvxE_8o229geU7UpJ2jbdoDYrXmGYUvpXMduNm9phomsJG0G0U83gqP_nCbEO2tM0Zz8RIe3HllQ,EUW1_7853398867,Karma,True,1,0,8,UTILITY,1239
YQKvxE_8o229geU7UpJ2jbdoDYrXmGYUvpXMduNm9phomsJG0G0U83gqP_nCbEO2tM0Zz8RIe3HllQ,EUW1_7853327332,Nautilus,False,0,6,7,UTILITY,1804
YQKvxE_8o229geU7UpJ2jbdoDYrXmGYUvpXMduNm9phomsJG0G0U83gqP_nCbEO2tM0Zz8RIe3HllQ,EUW1_7853274177,Milio,True,1,1,24,UTILITY,1688
YQKvxE_8o229geU7UpJ2jbdoDYrXmGYUvpXMduNm9phomsJG0G0U83gqP_nCbEO2tM0Zz8RIe3HllQ,EUW1_7852250852,Nautilus,False,3,3,6,UTILITY,1284
YQKvxE_8o229geU7UpJ2jbdoDYrXmGYUvpXMduNm9phomsJG0G0U83gqP_nCbEO2tM0Zz8RIe3HllQ,EUW1_7852225658,Rell,False,0,7,3,UTILITY,1106
YQKvxE_8o229geU7UpJ2jbdoDYrXmGYUvpXMduNm9phomsJG0G0U83gqP_nCbEO2tM0Zz8RIe3HllQ,EUW1_7852173291,Rell,False,5,7,12,UTILITY,2005
YQKvxE_8o229geU7UpJ2jbdoDYrXmGYUvpXMduNm9phomsJG0G0U83gqP_nCbEO2tM0Zz8RIe3HllQ,EUW1_7852141274,Rell,True,1,2,21,UTILITY,1414
YQKvxE_8o229geU7UpJ2jbdoDYrXmGYUvpXMduNm9phomsJG0G0U83gqP_nCbEO2tM0Zz8RIe3HllQ,EUW1_7851695241,Bard,True,6,2,14,UTILITY,1695
YQKvxE_8o229geU7UpJ2jbdoDYrXmGYUvpXMduNm9phomsJG0G0U83gqP_nCbEO2tM0Zz8RIe3HllQ,EUW1_7851653226,Senna,False,2,5,11,UTILITY,2093
YQKvxE_8o229geU7UpJ2jbdoDYrXmGYUvpXMduNm9phomsJG0G0U83gqP_nCbEO2tM0Zz8RIe3HllQ,EUW1_7851616952,Nautilus,False,0,6,7,UTILITY,1477
YQKvxE_8o229geU7UpJ2jbdoDYrXmGYUvpXMduNm9phomsJG0G0U83gqP_nCbEO2tM0Zz8RIe3HllQ,EUW1_7851565243,Karma,True,5,3,28,UTILITY,1741
YQKvxE_8o229geU7UpJ2jbdoDYrXmGYUvpXMduNm9phomsJG0G0U83gqP_nCbEO2tM0Zz8RIe3HllQ,EUW1_7851333593,Nautilus,True,1,4,22,UTILITY,2196
YQKvxE_8o229geU7UpJ2jbdoDYrXmGYUvpXMduNm9phomsJG0G0U83gqP_nCbEO2tM0Zz8RIe3HllQ,EUW1_7851217327,Nautilus,False,4,8,18,UTILITY,2155
YQKvxE_8o229geU7UpJ2jbdoDYrXmGYUvpXMduNm9phomsJG0G0U83gqP_nCbEO2tM0Zz8RIe3HllQ,EUW1_7851162254,Taric,False,2,11,21,UTILITY,2109
YQKvxE_8o229geU7UpJ2jbdoDYrXmGYUvpXMduNm9phomsJG0G0U83gqP_nCbEO2tM0Zz8RIe3HllQ,EUW1_7849409246,Alistar,True,3,9,21,UTILITY,2009
YQKvxE_8o229geU7UpJ2jbdoDYrXmGYUvpXMduNm9phomsJG0G0U83gqP_nCbEO2tM0Zz8RIe3HllQ,EUW1_7849300716,Milio,True,1,2,14,UTILITY,1528
YQKvxE_8o229geU7UpJ2jbdoDYrXmGYUvpXMduNm9phomsJG0G0U83gqP_nCbEO2tM0Zz8RIe3HllQ,EUW1_7848700817,Blitzcrank,True,5,3,15,UTILITY,1833
YQKvxE_8o229geU7UpJ2jbdoDYrXmGYUvpXMduNm9phomsJG0G0U83gqP_nCbEO2tM0Zz8RIe3HllQ,EUW1_7848665156,Thresh,False,2,3,10,UTILITY,1612
K9cF51FtWglhfV_JfE47rwvy4BFTy41Sq7n_ZrMk5ldBCE-iD39bsr8Q4CK16QKILT92BHIBGYoeBA,EUW1_7879151752,Thresh,True,1,1,26,UTILITY,1508
K9cF51FtWglhfV_JfE47rwvy4BFTy41Sq7n_ZrMk5ldBCE-iD39bsr8Q4CK16QKILT92BHIBGYoeBA,EUW1_7879140566,Ornn,True,2,5,13,TOP,1555
K9cF51FtWglhfV_JfE47rwvy4BFTy41Sq7n_ZrMk5ldBCE-iD39bsr8Q4CK16QKILT92BHIBGYoeBA,EUW1_7878806775,Karma,True,1,5,28,UTILITY,1766
K9cF51FtWglhfV_JfE47rwvy4BFTy41Sq7n_ZrMk5ldBCE-iD39bsr8Q4CK16QKILT92BHIBGYoeBA,EUW1_7878782577,Yuumi,True,0,0,2,UTILITY,667
K9cF51FtWglhfV_JfE47rwvy4BFTy41Sq7n_ZrMk5ldBCE-iD39bsr8Q4CK16QKILT92BHIBGYoeBA,EUW1_7878713431,Yuumi,True,1,4,26,UTILITY,2240
K9cF51FtWglhfV_JfE47rwvy4BFTy41Sq7n_ZrMk5ldBCE-iD39bsr8Q4CK16QKILT92BHIBGYoeBA,EUW1_7878379656,Yuumi,True,1,6,17,UTILITY,1949
K9cF51FtWglhfV_JfE47rwvy4BFTy41Sq7n_ZrMk5ldBCE-iD39bsr8Q4CK16QKILT92BHIBGYoeBA,EUW1_7878279910,Thresh,False,0,6,5,UTILITY,1412
K9cF51FtWglhfV_JfE47rwvy4BFTy41Sq7n_ZrMk5ldBCE-iD39bsr8Q4CK16QKILT92BHIBGYoeBA,EUW1_7878202801,Thresh,False,2,9,9,UTILITY,1385
K9cF51FtWglhfV_JfE47rwvy4BFTy41Sq7n_ZrMk5ldBCE-iD39bsr8Q4CK16QKILT92BHIBGYoeBA,EUW1_7878160915,Alistar,True,1,5,18,UTILITY,1458
K9cF51FtWglhfV_JfE47rwvy4BFTy41Sq7n_ZrMk5ldBCE-iD39bsr8Q4CK16QKILT92BHIBGYoeBA,EUW1_7878132227,Milio,True,0,4,20,UTILITY,1723
K9cF51FtWglhfV_JfE47rwvy4BFTy41Sq7n_ZrMk5ldBCE-iD39bsr8Q4CK16QKILT92BHIBGYoeBA,EUW1_7878112645,Braum,False,1,8,5,UTILITY,1598
K9cF51FtWglhfV_JfE47rwvy4BFTy41Sq7n_ZrMk5ldBCE-iD39bsr8Q4CK16QKILT92BHIBGYoeBA,EUW1_7878087195,Janna,True,1,3,16,UTILITY,1456
K9cF51FtWglhfV_JfE47rwvy4BFTy41Sq7n_ZrMk5ldBCE-iD39bsr8Q4CK16QKILT92BHIBGYoeBA,EUW1_7878065300,Senna,True,10,8,20,UTILITY,1958
K9cF51FtWglhfV_JfE47rwvy4BFTy41Sq7n_ZrMk5ldBCE-iD39bsr8Q4CK16QKILT92BHIBGYoeBA,EUW1_7878050255,Karma,False,2,8,8,UTILITY,1969
K9cF51FtWglhfV_JfE47rwvy4BFTy41Sq7n_ZrMk5ldBCE-iD39bsr8Q4CK16QKILT92BHIBGYoeBA,EUW1_7878040240,Karma,True,0,8,17,UTILITY,1433
K9cF51FtWglhfV_JfE47rwvy4BFTy41Sq7n_ZrMk5ldBCE-iD39bsr8Q4CK16QKILT92BHIBGYoeBA,EUW1_7875997454,Yuumi,True,0,1,19,UTILITY,1736
K9cF51FtWglhfV_JfE47rwvy4BFTy41Sq7n_ZrMk5ldBCE-iD39bsr8Q4CK16QKILT92BHIBGYoeBA,EUW1_7875898577,Pantheon,True,6,8,25,UTILITY,1766
K9cF51FtWglhfV_JfE47rwvy4BFTy41Sq7n_ZrMk5ldBCE-iD39bsr8Q4CK16QKILT92BHIBGYoeBA,EUW1_7874402922,Braum,True,1,1,16,UTILITY,1217
K9cF51FtWglhfV_JfE47rwvy4BFTy41Sq7n_ZrMk5ldBCE-iD39bsr8Q4CK16QKILT92BHIBGYoeBA,EUW1_7874339671,Alistar,False,2,4,9,UTILITY,2035
K9cF51FtWglhfV_JfE47rwvy4BFTy41Sq7n_ZrMk5ldBCE-iD39bsr8Q4CK16QKILT92BHIBGYoeBA,EUW1_7874278663,Lulu,True,1,8,13,UTILITY,2041
K9cF51FtWglhfV_JfE47rwvy4BFTy41Sq7n_ZrMk5ldBCE-iD39bsr8Q4CK16QKILT92BHIBGYoeBA,EUW1_7874227429,Karma,True,0,0,24,UTILITY,1361
K9cF51FtWglhfV_JfE47rwvy4BFTy41Sq7n_ZrMk5ldBCE-iD39bsr8Q4CK16QKILT92BHIBGYoeBA,EUW1_7810383519,Nami,False,1,7,6,UTILITY,1461
K9cF51FtWglhfV_JfE47rwvy4BFTy41Sq7n_ZrMk5ldBCE-iD39bsr8Q4CK16QKILT92BHIBGYoeBA,EUW1_7810315892,Nami,True,0,3,24,UTILITY,2359
K9cF51FtWglhfV_JfE47rwvy4BFTy41Sq7n_ZrMk5ldBCE-iD39bsr8Q4CK16QKILT92BHIBGYoeBA,EUW1_7810202986,Braum,True,2,3,30,UTILITY,1880
K9cF51FtWglhfV_JfE47rwvy4BFTy41Sq7n_ZrMk5ldBCE-iD39bsr8Q4CK16QKILT92BHIBGYoeBA,EUW1_7810139946,Pyke,False,3,11,16,UTILITY,2372
K9cF51FtWglhfV_JfE47rwvy4BFTy41Sq7n_ZrMk5ldBCE-iD39bsr8Q4CK16QKILT92BHIBGYoeBA,EUW1_7810106897,Ahri,False,4,3,3,MIDDLE,1294
K9cF51FtWglhfV_JfE47rwvy4BFTy41Sq7n_ZrMk5ldBCE-iD39bsr8Q4CK16QKILT92BHIBGYoeBA,EUW1_7810058976,Pyke,False,7,6,4,UTILITY,2102
K9cF51FtWglhfV_JfE47rwvy4BFTy41Sq7n_ZrMk5ldBCE-iD39bsr8Q4CK16QKILT92BHIBGYoeBA,EUW1_7810036861,Karma,False,2,5,2,UTILITY,935
K9cF51FtWglhfV_JfE47rwvy4BFTy41Sq7n_ZrMk5ldBCE-iD39bsr8Q4CK16QKILT92BHIBGYoeBA,EUW1_7810000595,TahmKench,True,2,4,9,UTILITY,1681
K9cF51FtWglhfV_JfE47rwvy4BFTy41Sq7n_ZrMk5ldBCE-iD39bsr8Q4CK16QKILT92BHIBGYoeBA,EUW1_7809958955,Rakan,True,1,8,25,UTILITY,1738
K9cF51FtWglhfV_JfE47rwvy4BFTy41Sq7n_ZrMk5ldBCE-iD39bsr8Q4CK16QKILT92BHIBGYoeBA,EUW1_7809806216,Senna,True,3,9,23,UTILITY,1921
K9cF51FtWglhfV_JfE47rwvy4BFTy41Sq7n_ZrMk5ldBCE-iD39bsr8Q4CK16QKILT92BHIBGYoeBA,EUW1_7809768366,Ornn,True,2,3,13,TOP,1760
K9cF51FtWglhfV_JfE47rwvy4BFTy41Sq7n_ZrMk5ldBCE-iD39bsr8Q4CK16QKILT92BHIBGYoeBA,EUW1_7809735660,Renata,True,1,7,31,UTILITY,1935
K9cF51FtWglhfV_JfE47rwvy4BFTy41Sq7n_ZrMk5ldBCE-iD39bsr8Q4CK16QKILT92BHIBGYoeBA,EUW1_7809702903,Pyke,False,2,10,5,UTILITY,1299
K9cF51FtWglhfV_JfE47rwvy4BFTy41Sq7n_ZrMk5ldBCE-iD39bsr8Q4CK16QKILT92BHIBGYoeBA,EUW1_7809676104,Senna,False,4,7,5,UTILITY,1438
K9cF51FtWglhfV_JfE47rwvy4BFTy41Sq7n_ZrMk5ldBCE-iD39bsr8Q4CK16QKILT92BHIBGYoeBA,EUW1_7809649263,Senna,False,0,4,4,UTILITY,1329
K9cF51FtWglhfV_JfE47rwvy4BFTy41Sq7n_ZrMk5ldBCE-iD39bsr8Q4CK16QKILT92BHIBGYoeBA,EUW1_7809628438,Nami,False,0,2,0,UTILITY,911
K9cF51FtWglhfV_JfE47rwvy4BFTy41Sq7n_ZrMk5ldBCE-iD39bsr8Q4CK16QKILT92BHIBGYoeBA,EUW1_7809601345,Pyke,False,5,9,11,UTILITY,1597
K9cF51FtWglhfV_JfE47rwvy4BFTy41Sq7n_ZrMk5ldBCE-iD39bsr8Q4CK16QKILT92BHIBGYoeBA,EUW1_7809580781,Alistar,True,4,1,17,UTILITY,1611
K9cF51FtWglhfV_JfE47rwvy4BFTy41Sq7n_ZrMk5ldBCE-iD39bsr8Q4CK16QKILT92BHIBGYoeBA,EUW1_7809551820,Thresh,False,2,9,18,UTILITY,1923
K9cF51FtWglhfV_JfE47rwvy4BFTy41Sq7n_ZrMk5ldBCE-iD39bsr8Q4CK16QKILT92BHIBGYoeBA,EUW1_7809530957,Swain,False,3,9,8,UTILITY,1549
K9cF51FtWglhfV_JfE47rwvy4BFTy41Sq7n_ZrMk5ldBCE-iD39bsr8Q4CK16QKILT92BHIBGYoeBA,EUW1_7809518566,Yuumi,False,1,8,9,UTILITY,1595
K9cF51FtWglhfV_JfE47rwvy4BFTy41Sq7n_ZrMk5ldBCE-iD39bsr8Q4CK16QKILT92BHIBGYoeBA,EUW1_7809494644,Nautilus,False,2,9,17,UTILITY,2312
K9cF51FtWglhfV_JfE47rwvy4BFTy41Sq7n_ZrMk5ldBCE-iD39bsr8Q4CK16QKILT92BHIBGYoeBA,EUW1_7809470389,Nami,True,1,8,19,UTILITY,1750
K9cF51FtWglhfV_JfE47rwvy4BFTy41Sq7n_ZrMk5ldBCE-iD39bsr8Q4CK16QKILT92BHIBGYoeBA,EUW1_7809471523,Senna,True,1,2,6,UTILITY,931
K9cF51FtWglhfV_JfE47rwvy4BFTy41Sq7n_ZrMk5ldBCE-iD39bsr8Q4CK16QKILT92BHIBGYoeBA,EUW1_7809463585,Nautilus,False,1,11,16,UTILITY,1829
K9cF51FtWglhfV_JfE47rwvy4BFTy41Sq7n_ZrMk5ldBCE-iD39bsr8Q4CK16QKILT92BHIBGYoeBA,EUW1_7809103338,Rakan,False,2,7,18,UTILITY,2022
K9cF51FtWglhfV_JfE47rwvy4BFTy41Sq7n_ZrMk5ldBCE-iD39bsr8Q4CK16QKILT92BHIBGYoeBA,EUW1_7808948979,Senna,True,3,0,10,UTILITY,1321
K9cF51FtWglhfV_JfE47rwvy4BFTy41Sq7n_ZrMk5ldBCE-iD39bsr8Q4CK16QKILT92BHIBGYoeBA,EUW1_7808913958,Alistar,False,0,8,7,UTILITY,1368
K9cF51FtWglhfV_JfE47rwvy4BFTy41Sq7n_ZrMk5ldBCE-iD39bsr8Q4CK16QKILT92BHIBGYoeBA,EUW1_7808867122,Blitzcrank,False,2,6,9,UTILITY,1741
jgSudTPlm_kExLrVLMeXWvgWYfE5LMT-bE-MmxzI34R41tvEfYH7APduHxztJ2uGc1AaJqQcLp8ocg,EUW1_7900858385,Pantheon,False,2,7,11,TOP,1639
jgSudTPlm_kExLrVLMeXWvgWYfE5LMT-bE-MmxzI34R41tvEfYH7APduHxztJ2uGc1AaJqQcLp8ocg,EUW1_7900800913,Pantheon,False,9,5,4,TOP,1752
jgSudTPlm_kExLrVLMeXWvgWYfE5LMT-bE-MmxzI34R41tvEfYH7APduHxztJ2uGc1AaJqQcLp8ocg,EUW1_7900244529,Mordekaiser,False,6,4,6,TOP,1886
jgSudTPlm_kExLrVLMeXWvgWYfE5LMT-bE-MmxzI34R41tvEfYH7APduHxztJ2uGc1AaJqQcLp8ocg,EUW1_7900167898,Mordekaiser,True,8,6,5,TOP,1913
jgSudTPlm_kExLrVLMeXWvgWYfE5LMT-bE-MmxzI34R41tvEfYH7APduHxztJ2uGc1AaJqQcLp8ocg,EUW1_7900106048,Pantheon,False,1,4,1,TOP,1140
jgSudTPlm_kExLrVLMeXWvgWYfE5LMT-bE-MmxzI34R41tvEfYH7APduHxztJ2uGc1AaJqQcLp8ocg,EUW1_7900036391,Mordekaiser,True,0,0,0,TOP,70
jgSudTPlm_kExLrVLMeXWvgWYfE5LMT-bE-MmxzI34R41tvEfYH7APduHxztJ2uGc1AaJqQcLp8ocg,EUW1_7899986422,Nasus,True,6,2,7,TOP,1873
jgSudTPlm_kExLrVLMeXWvgWYfE5LMT-bE-MmxzI34R41tvEfYH7APduHxztJ2uGc1AaJqQcLp8ocg,EUW1_7899872874,Mordekaiser,False,11,5,0,TOP,1744
jgSudTPlm_kExLrVLMeXWvgWYfE5LMT-bE-MmxzI34R41tvEfYH7APduHxztJ2uGc1AaJqQcLp8ocg,EUW1_7899838821,Pantheon,True,5,7,12,TOP,1948
jgSudTPlm_kExLrVLMeXWvgWYfE5LMT-bE-MmxzI34R41tvEfYH7APduHxztJ2uGc1AaJqQcLp8ocg,EUW1_7899812470,Mordekaiser,True,12,7,5,TOP,2052
jgSudTPlm_kExLrVLMeXWvgWYfE5LMT-bE-MmxzI34R41tvEfYH7APduHxztJ2uGc1AaJqQcLp8ocg,EUW1_7898880083,Sion,False,2,6,12,TOP,2404
jgSudTPlm_kExLrVLMeXWvgWYfE5LMT-bE-MmxzI34R41tvEfYH7APduHxztJ2uGc1AaJqQcLp8ocg,EUW1_7898666750,Mordekaiser,True,12,5,11,TOP,1888
jgSudTPlm_kExLrVLMeXWvgWYfE5LMT-bE-MmxzI34R41tvEfYH7APduHxztJ2uGc1AaJqQcLp8ocg,EUW1_7898640024,Mordekaiser,True,11,2,7,TOP,1927
jgSudTPlm_kExLrVLMeXWvgWYfE5LMT-bE-MmxzI34R41tvEfYH7APduHxztJ2uGc1AaJqQcLp8ocg,EUW1_7898621111,Nasus,True,11,3,4,TOP,1628
jgSudTPlm_kExLrVLMeXWvgWYfE5LMT-bE-MmxzI34R41tvEfYH7APduHxztJ2uGc1AaJqQcLp8ocg,EUW1_7898605766,Mordekaiser,True,16,4,9,TOP,1923
jgSudTPlm_kExLrVLMeXWvgWYfE5LMT-bE-MmxzI34R41tvEfYH7APduHxztJ2uGc1AaJqQcLp8ocg,EUW1_7898591298,Mordekaiser,True,7,2,0,TOP,1145
jgSudTPlm_kExLrVLMeXWvgWYfE5LMT-bE-MmxzI34R41tvEfYH7APduHxztJ2uGc1AaJqQcLp8ocg,EUW1_7898586467,Sion,True,6,6,10,TOP,2003
jgSudTPlm_kExLrVLMeXWvgWYfE5LMT-bE-MmxzI34R41tvEfYH7APduHxztJ2uGc1AaJqQcLp8ocg,EUW1_7898574137,Mordekaiser,True,3,3,4,TOP,1809
jgSudTPlm_kExLrVLMeXWvgWYfE5LMT-bE-MmxzI34R41tvEfYH7APduHxztJ2uGc1AaJqQcLp8ocg,EUW1_7898565136,Nasus,False,3,5,3,TOP,2009
jgSudTPlm_kExLrVLMeXWvgWYfE5LMT-bE-MmxzI34R41tvEfYH7APduHxztJ2uGc1AaJqQcLp8ocg,EUW1_7897382659,Mordekaiser,False,4,6,7,TOP,1844
jgSudTPlm_kExLrVLMeXWvgWYfE5LMT-bE-MmxzI34R41tvEfYH7APduHxztJ2uGc1AaJqQcLp8ocg,EUW1_7896453442,Mordekaiser,False,10,6,3,TOP,1830
jgSudTPlm_kExLrVLMeXWvgWYfE5LMT-bE-MmxzI34R41tvEfYH7APduHxztJ2uGc1AaJqQcLp8ocg,EUW1_7896446907,Mordekaiser,True,4,1,0,TOP,1165
jgSudTPlm_kExLrVLMeXWvgWYfE5LMT-bE-MmxzI34R41tvEfYH7APduHxztJ2uGc1AaJqQcLp8ocg,EUW1_7895564894,Mordekaiser,False,7,3,1,TOP,1712
jgSudTPlm_kExLrVLMeXWvgWYfE5LMT-bE-MmxzI34R41tvEfYH7APduHxztJ2uGc1AaJqQcLp8ocg,EUW1_7895482906,Sion,False,3,4,0,TOP,911
jgSudTPlm_kExLrVLMeXWvgWYfE5LMT-bE-MmxzI34R41tvEfYH7APduHxztJ2uGc1AaJqQcLp8ocg,EUW1_7895479988,Mordekaiser,True,0,0,0,TOP,76
jgSudTPlm_kExLrVLMeXWvgWYfE5LMT-bE-MmxzI34R41tvEfYH7APduHxztJ2uGc1AaJqQcLp8ocg,EUW1_7895457723,Mordekaiser,True,10,6,9,TOP,1916
jgSudTPlm_kExLrVLMeXWvgWYfE5LMT-bE-MmxzI34R41tvEfYH7APduHxztJ2uGc1AaJqQcLp8ocg,EUW1_7895443496,Pantheon,True,6,3,5,TOP,1361
jgSudTPlm_kExLrVLMeXWvgWYfE5LMT-bE-MmxzI34R41tvEfYH7APduHxztJ2uGc1AaJqQcLp8ocg,EUW1_7895426585,Mordekaiser,True,16,6,11,TOP,1799
jgSudTPlm_kExLrVLMeXWvgWYfE5LMT-bE-MmxzI34R41tvEfYH7APduHxztJ2uGc1AaJqQcLp8ocg,EUW1_7895413067,Mordekaiser,True,5,1,2,TOP,910
jgSudTPlm_kExLrVLMeXWvgWYfE5LMT-bE-MmxzI34R41tvEfYH7APduHxztJ2uGc1AaJqQcLp8ocg,EUW1_7895396934,Mordekaiser,False,13,7,4,TOP,2566
jgSudTPlm_kExLrVLMeXWvgWYfE5LMT-bE-MmxzI34R41tvEfYH7APduHxztJ2uGc1AaJqQcLp8ocg,EUW1_7895267593,Mordekaiser,False,7,4,0,TOP,1589
jgSudTPlm_kExLrVLMeXWvgWYfE5LMT-bE-MmxzI34R41tvEfYH7APduHxztJ2uGc1AaJqQcLp8ocg,EUW1_7895141134,Mordekaiser,False,3,5,1,TOP,1504
jgSudTPlm_kExLrVLMeXWvgWYfE5LMT-bE-MmxzI34R41tvEfYH7APduHxztJ2uGc1AaJqQcLp8ocg,EUW1_7895093388,Mordekaiser,False,3,7,0,TOP,1729
jgSudTPlm_kExLrVLMeXWvgWYfE5LMT-bE-MmxzI34R41tvEfYH7APduHxztJ2uGc1AaJqQcLp8ocg,EUW1_7894385369,Mordekaiser,False,4,6,3,TOP,1878
jgSudTPlm_kExLrVLMeXWvgWYfE5LMT-bE-MmxzI34R41tvEfYH7APduHxztJ2uGc1AaJqQcLp8ocg,EUW1_7894363753,Mordekaiser,True,9,3,4,TOP,1620
jgSudTPlm_kExLrVLMeXWvgWYfE5LMT-bE-MmxzI34R41tvEfYH7APduHxztJ2uGc1AaJqQcLp8ocg,EUW1_7894197985,Pantheon,False,0,2,1,TOP,1131
jgSudTPlm_kExLrVLMeXWvgWYfE5LMT-bE-MmxzI34R41tvEfYH7APduHxztJ2uGc1AaJqQcLp8ocg,EUW1_7894187225,Mordekaiser,True,8,9,12,TOP,2342
jgSudTPlm_kExLrVLMeXWvgWYfE5LMT-bE-MmxzI34R41tvEfYH7APduHxztJ2uGc1AaJqQcLp8ocg,EUW1_7894170419,Mordekaiser,True,6,4,7,TOP,2320
jgSudTPlm_kExLrVLMeXWvgWYfE5LMT-bE-MmxzI34R41tvEfYH7APduHxztJ2uGc1AaJqQcLp8ocg,EUW1_7886449720,Mordekaiser,False,6,5,2,TOP,1716
jgSudTPlm_kExLrVLMeXWvgWYfE5LMT-bE-MmxzI34R41tvEfYH7APduHxztJ2uGc1AaJqQcLp8ocg,EUW1_7886382097,Mordekaiser,True,11,0,2,TOP,1515
jgSudTPlm_kExLrVLMeXWvgWYfE5LMT-bE-MmxzI34R41tvEfYH7APduHxztJ2uGc1AaJqQcLp8ocg,EUW1_7886331653,Mordekaiser,True,8,1,4,TOP,1401
jgSudTPlm_kExLrVLMeXWvgWYfE5LMT-bE-MmxzI34R41tvEfYH7APduHxztJ2uGc1AaJqQcLp8ocg,EUW1_7886278433,Mordekaiser,True,7,2,5,TOP,1648
jgSudTPlm_kExLrVLMeXWvgWYfE5LMT-bE-MmxzI34R41tvEfYH7APduHxztJ2uGc1AaJqQcLp8ocg,EUW1_7886242395,Mordekaiser,True,6,3,6,TOP,1419
jgSudTPlm_kExLrVLMeXWvgWYfE5LMT-bE-MmxzI34R41tvEfYH7APduHxztJ2uGc1AaJqQcLp8ocg,EUW1_7886064357,Mordekaiser,False,8,8,3,TOP,2248
jgSudTPlm_kExLrVLMeXWvgWYfE5LMT-bE-MmxzI34R41tvEfYH7APduHxztJ2uGc1AaJqQcLp8ocg,EUW1_7886032649,Mordekaiser,False,6,4,1,TOP,1611
jgSudTPlm_kExLrVLMeXWvgWYfE5LMT-bE-MmxzI34R41tvEfYH7APduHxztJ2uGc1AaJqQcLp8ocg,EUW1_7885817357,Mordekaiser,True,5,4,3,TOP,2028
jgSudTPlm_kExLrVLMeXWvgWYfE5LMT-bE-MmxzI34R41tvEfYH7APduHxztJ2uGc1AaJqQcLp8ocg,EUW1_7885797678,Mordekaiser,False,2,1,1,TOP,916
jgSudTPlm_kExLrVLMeXWvgWYfE5LMT-bE-MmxzI34R41tvEfYH7APduHxztJ2uGc1AaJqQcLp8ocg,EUW1_7885767368,Mordekaiser,True,8,2,7,TOP,1572
jgSudTPlm_kExLrVLMeXWvgWYfE5LMT-bE-MmxzI34R41tvEfYH7APduHxztJ2uGc1AaJqQcLp8ocg,EUW1_7885744515,Mordekaiser,False,7,6,1,TOP,2086
jgSudTPlm_kExLrVLMeXWvgWYfE5LMT-bE-MmxzI34R41tvEfYH7APduHxztJ2uGc1AaJqQcLp8ocg,EUW1_7885709158,Pantheon,False,6,3,2,TOP,1710
YUBsXF7mCFADBvdSq6F5zCCvqZkbEQXRv65zEax5Fmyqa8OJgpR39wo1oIVuPdcSHQUnWZQEHHWbfw,EUW1_7899454178,Aphelios,False,4,9,9,BOTTOM,1963
YUBsXF7mCFADBvdSq6F5zCCvqZkbEQXRv65zEax5Fmyqa8OJgpR39wo1oIVuPdcSHQUnWZQEHHWbfw,EUW1_7895801837,Ashe,True,8,4,21,BOTTOM,1271
YUBsXF7mCFADBvdSq6F5zCCvqZkbEQXRv65zEax5Fmyqa8OJgpR39wo1oIVuPdcSHQUnWZQEHHWbfw,EUW1_7895759556,Aphelios,False,3,17,5,BOTTOM,2098
YUBsXF7mCFADBvdSq6F5zCCvqZkbEQXRv65zEax5Fmyqa8OJgpR39wo1oIVuPdcSHQUnWZQEHHWbfw,EUW1_7895744808,Aphelios,False,0,0,0,BOTTOM,72
YUBsXF7mCFADBvdSq6F5zCCvqZkbEQXRv65zEax5Fmyqa8OJgpR39wo1oIVuPdcSHQUnWZQEHHWbfw,EUW1_7895685067,Aphelios,True,18,7,13,BOTTOM,2531
YUBsXF7mCFADBvdSq6F5zCCvqZkbEQXRv65zEax5Fmyqa8OJgpR39wo1oIVuPdcSHQUnWZQEHHWbfw,EUW1_7871895077,XinZhao,False,9,13,17,JUNGLE,2542
YUBsXF7mCFADBvdSq6F5zCCvqZkbEQXRv65zEax5Fmyqa8OJgpR39wo1oIVuPdcSHQUnWZQEHHWbfw,EUW1_7871855588,Xayah,False,5,11,4,BOTTOM,1690
YUBsXF7mCFADBvdSq6F5zCCvqZkbEQXRv65zEax5Fmyqa8OJgpR39wo1oIVuPdcSHQUnWZQEHHWbfw,EUW1_7871806048,Ashe,True,3,6,6,BOTTOM,1436
YUBsXF7mCFADBvdSq6F5zCCvqZkbEQXRv65zEax5Fmyqa8OJgpR39wo1oIVuPdcSHQUnWZQEHHWbfw,EUW1_7871754801,Aphelios,True,15,7,4,BOTTOM,2417
YUBsXF7mCFADBvdSq6F5zCCvqZkbEQXRv65zEax5Fmyqa8OJgpR39wo1oIVuPdcSHQUnWZQEHHWbfw,EUW1_7871064309,Aphelios,False,4,10,7,BOTTOM,2067
YUBsXF7mCFADBvdSq6F5zCCvqZkbEQXRv65zEax5Fmyqa8OJgpR39wo1oIVuPdcSHQUnWZQEHHWbfw,EUW1_7870748368,Smolder,False,1,8,3,BOTTOM,1661
YUBsXF7mCFADBvdSq6F5zCCvqZkbEQXRv65zEax5Fmyqa8OJgpR39wo1oIVuPdcSHQUnWZQEHHWbfw,EUW1_7868366203,Aphelios,False,5,9,3,BOTTOM,1924
YUBsXF7mCFADBvdSq6F5zCCvqZkbEQXRv65zEax5Fmyqa8OJgpR39wo1oIVuPdcSHQUnWZQEHHWbfw,EUW1_7867543721,Aphelios,True,3,5,6,BOTTOM,1637
YUBsXF7mCFADBvdSq6F5zCCvqZkbEQXRv65zEax5Fmyqa8OJgpR39wo1oIVuPdcSHQUnWZQEHHWbfw,EUW1_7861325424,Ashe,True,9,10,13,BOTTOM,1867
YUBsXF7mCFADBvdSq6F5zCCvqZkbEQXRv65zEax5Fmyqa8OJgpR39wo1oIVuPdcSHQUnWZQEHHWbfw,EUW1_7861295070,Xayah,False,6,8,2,BOTTOM,1325
YUBsXF7mCFADBvdSq6F5zCCvqZkbEQXRv65zEax5Fmyqa8OJgpR39wo1oIVuPdcSHQUnWZQEHHWbfw,EUW1_7857924208,Smolder,False,2,6,2,BOTTOM,1579
YUBsXF7mCFADBvdSq6F5zCCvqZkbEQXRv65zEax5Fmyqa8OJgpR39wo1oIVuPdcSHQUnWZQEHHWbfw,EUW1_7857895034,Aphelios,False,3,8,4,BOTTOM,1496
YUBsXF7mCFADBvdSq6F5zCCvqZkbEQXRv65zEax5Fmyqa8OJgpR39wo1oIVuPdcSHQUnWZQEHHWbfw,EUW1_7848903743,Smolder,False,7,13,11,BOTTOM,2139
YUBsXF7mCFADBvdSq6F5zCCvqZkbEQXRv65zEax5Fmyqa8OJgpR39wo1oIVuPdcSHQUnWZQEHHWbfw,EUW1_7848856605,Smolder,False,5,9,9,BOTTOM,1752
YUBsXF7mCFADBvdSq6F5zCCvqZkbEQXRv65zEax5Fmyqa8OJgpR39wo1oIVuPdcSHQUnWZQEHHWbfw,EUW1_7848817727,Aphelios,False,7,10,4,BOTTOM,1501
YUBsXF7mCFADBvdSq6F5zCCvqZkbEQXRv65zEax5Fmyqa8OJgpR39wo1oIVuPdcSHQUnWZQEHHWbfw,EUW1_7848772765,Smolder,True,10,5,10,BOTTOM,1702
YUBsXF7mCFADBvdSq6F5zCCvqZkbEQXRv65zEax5Fmyqa8OJgpR39wo1oIVuPdcSHQUnWZQEHHWbfw,EUW1_7848161336,Naafiri,False,14,12,10,JUNGLE,2656
YUBsXF7mCFADBvdSq6F5zCCvqZkbEQXRv65zEax5Fmyqa8OJgpR39wo1oIVuPdcSHQUnWZQEHHWbfw,EUW1_7846861572,XinZhao,True,6,12,21,JUNGLE,2256
YUBsXF7mCFADBvdSq6F5zCCvqZkbEQXRv65zEax5Fmyqa8OJgpR39wo1oIVuPdcSHQUnWZQEHHWbfw,EUW1_7846799758,XinZhao,True,15,8,10,JUNGLE,2198
YUBsXF7mCFADBvdSq6F5zCCvqZkbEQXRv65zEax5Fmyqa8OJgpR39wo1oIVuPdcSHQUnWZQEHHWbfw,EUW1_7845068853,Aphelios,True,8,13,15,BOTTOM,1950
YUBsXF7mCFADBvdSq6F5zCCvqZkbEQXRv65zEax5Fmyqa8OJgpR39wo1oIVuPdcSHQUnWZQEHHWbfw,EUW1_7845040981,Varus,True,7,5,7,BOTTOM,1462
YUBsXF7mCFADBvdSq6F5zCCvqZkbEQXRv65zEax5Fmyqa8OJgpR39wo1oIVuPdcSHQUnWZQEHHWbfw,EUW1_7844994315,Kaisa,False,6,2,2,BOTTOM,1567
YUBsXF7mCFADBvdSq6F5zCCvqZkbEQXRv65zEax5Fmyqa8OJgpR39wo1oIVuPdcSHQUnWZQEHHWbfw,EUW1_7844955508,Kaisa,True,6,5,14,BOTTOM,1792
YUBsXF7mCFADBvdSq6F5zCCvqZkbEQXRv65zEax5Fmyqa8OJgpR39wo1oIVuPdcSHQUnWZQEHHWbfw,EUW1_7844906598,Varus,False,4,7,5,BOTTOM,1925
YUBsXF7mCFADBvdSq6F5zCCvqZkbEQXRv65zEax5Fmyqa8OJgpR39wo1oIVuPdcSHQUnWZQEHHWbfw,EUW1_7844861153,Smolder,False,2,7,4,BOTTOM,1454
YUBsXF7mCFADBvdSq6F5zCCvqZkbEQXRv65zEax5Fmyqa8OJgpR39wo1oIVuPdcSHQUnWZQEHHWbfw,EUW1_7844762941,Smolder,False,8,11,5,BOTTOM,2391
YUBsXF7mCFADBvdSq6F5zCCvqZkbEQXRv65zEax5Fmyqa8OJgpR39wo1oIVuPdcSHQUnWZQEHHWbfw,EUW1_7844720266,Shyvana,False,3,13,2,JUNGLE,1371
YUBsXF7mCFADBvdSq6F5zCCvqZkbEQXRv65zEax5Fmyqa8OJgpR39wo1oIVuPdcSHQUnWZQEHHWbfw,EUW1_7841680398,Ezreal,True,11,5,6,BOTTOM,1422
YUBsXF7mCFADBvdSq6F5zCCvqZkbEQXRv65zEax5Fmyqa8OJgpR39wo1oIVuPdcSHQUnWZQEHHWbfw,EUW1_7841299632,Ezreal,True,3,7,7,BOTTOM,1956
YUBsXF7mCFADBvdSq6F5zCCvqZkbEQXRv65zEax5Fmyqa8OJgpR39wo1oIVuPdcSHQUnWZQEHHWbfw,EUW1_7840841531,Ezreal,False,1,6,2,BOTTOM,1461
YUBsXF7mCFADBvdSq6F5zCCvqZkbEQXRv65zEax5Fmyqa8OJgpR39wo1oIVuPdcSHQUnWZQEHHWbfw,EUW1_7840552478,XinZhao,False,6,10,10,JUNGLE,1820
YUBsXF7mCFADBvdSq6F5zCCvqZkbEQXRv65zEax5Fmyqa8OJgpR39wo1oIVuPdcSHQUnWZQEHHWbfw,EUW1_7839385518,Ezreal,False,4,13,8,BOTTOM,1927
YUBsXF7mCFADBvdSq6F5zCCvqZkbEQXRv65zEax5Fmyqa8OJgpR39wo1oIVuPdcSHQUnWZQEHHWbfw,EUW1_7839345655,Kaisa,True,5,5,10,BOTTOM,1572
YUBsXF7mCFADBvdSq6F5zCCvqZkbEQXRv65zEax5Fmyqa8OJgpR39wo1oIVuPdcSHQUnWZQEHHWbfw,EUW1_7839282359,Shyvana,False,4,11,8,JUNGLE,1808
YUBsXF7mCFADBvdSq6F5zCCvqZkbEQXRv65zEax5Fmyqa8OJgpR39wo1oIVuPdcSHQUnWZQEHHWbfw,EUW1_7839201419,XinZhao,True,6,8,14,JUNGLE,1755
YUBsXF7mCFADBvdSq6F5zCCvqZkbEQXRv65zEax5Fmyqa8OJgpR39wo1oIVuPdcSHQUnWZQEHHWbfw,EUW1_7838939092,Kaisa,False,15,9,8,BOTTOM,2059
YUBsXF7mCFADBvdSq6F5zCCvqZkbEQXRv65zEax5Fmyqa8OJgpR39wo1oIVuPdcSHQUnWZQEHHWbfw,EUW1_7830102169,Shyvana,True,11,8,12,JUNGLE,2193
YUBsXF7mCFADBvdSq6F5zCCvqZkbEQXRv65zEax5Fmyqa8OJgpR39wo1oIVuPdcSHQUnWZQEHHWbfw,EUW1_7828251464,Yunara,True,10,4,5,BOTTOM,1479
YUBsXF7mCFADBvdSq6F5zCCvqZkbEQXRv65zEax5Fmyqa8OJgpR39wo1oIVuPdcSHQUnWZQEHHWbfw,EUW1_7828171881,Smolder,True,11,2,8,BOTTOM,1959
YUBsXF7mCFADBvdSq6F5zCCvqZkbEQXRv65zEax5Fmyqa8OJgpR39wo1oIVuPdcSHQUnWZQEHHWbfw,EUW1_7828148684,Ezreal,False,6,3,2,BOTTOM,1108
YUBsXF7mCFADBvdSq6F5zCCvqZkbEQXRv65zEax5Fmyqa8OJgpR39wo1oIVuPdcSHQUnWZQEHHWbfw,EUW1_7828107904,Corki,False,3,7,6,BOTTOM,1703
YUBsXF7mCFADBvdSq6F5zCCvqZkbEQXRv65zEax5Fmyqa8OJgpR39wo1oIVuPdcSHQUnWZQEHHWbfw,EUW1_7828091151,Kaisa,False,3,3,0,BOTTOM,725
YUBsXF7mCFADBvdSq6F5zCCvqZkbEQXRv65zEax5Fmyqa8OJgpR39wo1oIVuPdcSHQUnWZQEHHWbfw,EUW1_7828063766,Ezreal,True,9,3,8,BOTTOM,1782
YUBsXF7mCFADBvdSq6F5zCCvqZkbEQXRv65zEax5Fmyqa8OJgpR39wo1oIVuPdcSHQUnWZQEHHWbfw,EUW1_7815933390,Kaisa,True,5,6,13,BOTTOM,1814
YUBsXF7mCFADBvdSq6F5zCCvqZkbEQXRv65zEax5Fmyqa8OJgpR39wo1oIVuPdcSHQUnWZQEHHWbfw,EUW1_7814930969,Kaisa,False,3,7,7,BOTTOM,2032
NLK5RdRz9KvN0QNIGOXOVWkcOVgoCEnpAh8RUI8GofgmicXbuawTtZS26ZlsTk5ZYffP8rR7L8PK9w,EUW1_7881140225,TwistedFate,True,10,14,2,TOP,1903
NLK5RdRz9KvN0QNIGOXOVWkcOVgoCEnpAh8RUI8GofgmicXbuawTtZS26ZlsTk5ZYffP8rR7L8PK9w,EUW1_7881100283,Riven,False,9,9,5,MIDDLE,1886
NLK5RdRz9KvN0QNIGOXOVWkcOVgoCEnpAh8RUI8GofgmicXbuawTtZS26ZlsTk5ZYffP8rR7L8PK9w,EUW1_7881070762,Vayne,False,3,11,1,TOP,1263
NLK5RdRz9KvN0QNIGOXOVWkcOVgoCEnpAh8RUI8GofgmicXbuawTtZS26ZlsTk5ZYffP8rR7L8PK9w,EUW1_7880042879,TwistedFate,True,21,11,8,TOP,2620
NLK5RdRz9KvN0QNIGOXOVWkcOVgoCEnpAh8RUI8GofgmicXbuawTtZS26ZlsTk5ZYffP8rR7L8PK9w,EUW1_7879995275,TwistedFate,False,6,12,2,TOP,1546
NLK5RdRz9KvN0QNIGOXOVWkcOVgoCEnpAh8RUI8GofgmicXbuawTtZS26ZlsTk5ZYffP8rR7L8PK9w,EUW1_7879961482,Yone,False,5,12,2,TOP,1410
NLK5RdRz9KvN0QNIGOXOVWkcOVgoCEnpAh8RUI8GofgmicXbuawTtZS26ZlsTk5ZYffP8rR7L8PK9w,EUW1_7879850536,Vayne,True,5,8,10,TOP,1626
NLK5RdRz9KvN0QNIGOXOVWkcOVgoCEnpAh8RUI8GofgmicXbuawTtZS26ZlsTk5ZYffP8rR7L8PK9w,EUW1_7862236271,Varus,False,8,7,2,BOTTOM,1621
NLK5RdRz9KvN0QNIGOXOVWkcOVgoCEnpAh8RUI8GofgmicXbuawTtZS26ZlsTk5ZYffP8rR7L8PK9w,EUW1_7862206107,Varus,False,6,8,4,BOTTOM,1612
NLK5RdRz9KvN0QNIGOXOVWkcOVgoCEnpAh8RUI8GofgmicXbuawTtZS26ZlsTk5ZYffP8rR7L8PK9w,EUW1_7862162584,Varus,False,16,9,11,BOTTOM,2592
NLK5RdRz9KvN0QNIGOXOVWkcOVgoCEnpAh8RUI8GofgmicXbuawTtZS26ZlsTk5ZYffP8rR7L8PK9w,EUW1_7862087486,Varus,False,13,13,12,BOTTOM,2024
NLK5RdRz9KvN0QNIGOXOVWkcOVgoCEnpAh8RUI8GofgmicXbuawTtZS26ZlsTk5ZYffP8rR7L8PK9w,EUW1_7861814709,Senna,True,5,7,9,BOTTOM,1424
NLK5RdRz9KvN0QNIGOXOVWkcOVgoCEnpAh8RUI8GofgmicXbuawTtZS26ZlsTk5ZYffP8rR7L8PK9w,EUW1_7861795975,Senna,True,7,5,17,BOTTOM,1902
NLK5RdRz9KvN0QNIGOXOVWkcOVgoCEnpAh8RUI8GofgmicXbuawTtZS26ZlsTk5ZYffP8rR7L8PK9w,EUW1_7861782386,Smolder,False,4,5,3,BOTTOM,1215
NLK5RdRz9KvN0QNIGOXOVWkcOVgoCEnpAh8RUI8GofgmicXbuawTtZS26ZlsTk5ZYffP8rR7L8PK9w,EUW1_7861770534,Varus,False,4,8,2,MIDDLE,1414
NLK5RdRz9KvN0QNIGOXOVWkcOVgoCEnpAh8RUI8GofgmicXbuawTtZS26ZlsTk5ZYffP8rR7L8PK9w,EUW1_7861738303,Varus,True,18,6,13,BOTTOM,1829
NLK5RdRz9KvN0QNIGOXOVWkcOVgoCEnpAh8RUI8GofgmicXbuawTtZS26ZlsTk5ZYffP8rR7L8PK9w,EUW1_7861709143,Karma,True,3,5,20,UTILITY,1707
NLK5RdRz9KvN0QNIGOXOVWkcOVgoCEnpAh8RUI8GofgmicXbuawTtZS26ZlsTk5ZYffP8rR7L8PK9w,EUW1_7861691627,Smolder,True,4,5,4,BOTTOM,933
NLK5RdRz9KvN0QNIGOXOVWkcOVgoCEnpAh8RUI8GofgmicXbuawTtZS26ZlsTk5ZYffP8rR7L8PK9w,EUW1_7861661338,Gnar,True,7,1,1,TOP,938
NLK5RdRz9KvN0QNIGOXOVWkcOVgoCEnpAh8RUI8GofgmicXbuawTtZS26ZlsTk5ZYffP8rR7L8PK9w,EUW1_7861632475,Anivia,False,3,9,3,TOP,1358
NLK5RdRz9KvN0QNIGOXOVWkcOVgoCEnpAh8RUI8GofgmicXbuawTtZS26ZlsTk5ZYffP8rR7L8PK9w,EUW1_7861494225,Kennen,False,9,5,1,TOP,1576
NLK5RdRz9KvN0QNIGOXOVWkcOVgoCEnpAh8RUI8GofgmicXbuawTtZS26ZlsTk5ZYffP8rR7L8PK9w,EUW1_7861445579,Kennen,True,10,7,4,TOP,1871
NLK5RdRz9KvN0QNIGOXOVWkcOVgoCEnpAh8RUI8GofgmicXbuawTtZS26ZlsTk5ZYffP8rR7L8PK9w,EUW1_7861398553,Riven,False,11,5,2,TOP,1716
NLK5RdRz9KvN0QNIGOXOVWkcOVgoCEnpAh8RUI8GofgmicXbuawTtZS26ZlsTk5ZYffP8rR7L8PK9w,EUW1_7861308299,Akali,True,6,4,5,TOP,1878
NLK5RdRz9KvN0QNIGOXOVWkcOVgoCEnpAh8RUI8GofgmicXbuawTtZS26ZlsTk5ZYffP8rR7L8PK9w,EUW1_7861277519,Brand,False,2,6,7,TOP,1666
NLK5RdRz9KvN0QNIGOXOVWkcOVgoCEnpAh8RUI8GofgmicXbuawTtZS26ZlsTk5ZYffP8rR7L8PK9w,EUW1_7861230196,Riven,True,5,8,1,TOP,1745
NLK5RdRz9KvN0QNIGOXOVWkcOVgoCEnpAh8RUI8GofgmicXbuawTtZS26ZlsTk5ZYffP8rR7L8PK9w,EUW1_7861199713,DrMundo,True,11,4,3,TOP,1675
NLK5RdRz9KvN0QNIGOXOVWkcOVgoCEnpAh8RUI8GofgmicXbuawTtZS26ZlsTk5ZYffP8rR7L8PK9w,EUW1_7861172459,DrMundo,True,5,9,6,TOP,1651
NLK5RdRz9KvN0QNIGOXOVWkcOVgoCEnpAh8RUI8GofgmicXbuawTtZS26ZlsTk5ZYffP8rR7L8PK9w,EUW1_7861067265,Nasus,True,4,5,7,TOP,1682
NLK5RdRz9KvN0QNIGOXOVWkcOVgoCEnpAh8RUI8GofgmicXbuawTtZS26ZlsTk5ZYffP8rR7L8PK9w,EUW1_7861040666,Sion,True,5,8,6,TOP,1907
NLK5RdRz9KvN0QNIGOXOVWkcOVgoCEnpAh8RUI8GofgmicXbuawTtZS26ZlsTk5ZYffP8rR7L8PK9w,EUW1_7860698008,Rumble,False,7,14,13,TOP,2257
NLK5RdRz9KvN0QNIGOXOVWkcOVgoCEnpAh8RUI8GofgmicXbuawTtZS26ZlsTk5ZYffP8rR7L8PK9w,EUW1_7860667170,Riven,True,17,6,5,TOP,1693
NLK5RdRz9KvN0QNIGOXOVWkcOVgoCEnpAh8RUI8GofgmicXbuawTtZS26ZlsTk5ZYffP8rR7L8PK9w,EUW1_7860624197,Riven,True,16,7,4,TOP,1857
NLK5RdRz9KvN0QNIGOXOVWkcOVgoCEnpAh8RUI8GofgmicXbuawTtZS26ZlsTk5ZYffP8rR7L8PK9w,EUW1_7860577795,Riven,False,5,6,2,TOP,1962
NLK5RdRz9KvN0QNIGOXOVWkcOVgoCEnpAh8RUI8GofgmicXbuawTtZS26ZlsTk5ZYffP8rR7L8PK9w,EUW1_7860530197,Riven,False,4,4,0,TOP,1530
NLK5RdRz9KvN0QNIGOXOVWkcOVgoCEnpAh8RUI8GofgmicXbuawTtZS26ZlsTk5ZYffP8rR7L8PK9w,EUW1_7860194760,Riven,False,18,14,11,TOP,2728
NLK5RdRz9KvN0QNIGOXOVWkcOVgoCEnpAh8RUI8GofgmicXbuawTtZS26ZlsTk5ZYffP8rR7L8PK9w,EUW1_7860159495,Riven,False,2,12,1,TOP,1817
NLK5RdRz9KvN0QNIGOXOVWkcOVgoCEnpAh8RUI8GofgmicXbuawTtZS26ZlsTk5ZYffP8rR7L8PK9w,EUW1_7860121020,Riven,False,8,11,3,TOP,1589
NLK5RdRz9KvN0QNIGOXOVWkcOVgoCEnpAh8RUI8GofgmicXbuawTtZS26ZlsTk5ZYffP8rR7L8PK9w,EUW1_7860079839,Riven,True,4,7,10,TOP,2010
NLK5RdRz9KvN0QNIGOXOVWkcOVgoCEnpAh8RUI8GofgmicXbuawTtZS26ZlsTk5ZYffP8rR7L8PK9w,EUW1_7860038036,Riven,True,1,1,3,TOP,917
NLK5RdRz9KvN0QNIGOXOVWkcOVgoCEnpAh8RUI8GofgmicXbuawTtZS26ZlsTk5ZYffP8rR7L8PK9w,EUW1_7860006441,Riven,True,21,5,3,TOP,1778
NLK5RdRz9KvN0QNIGOXOVWkcOVgoCEnpAh8RUI8GofgmicXbuawTtZS26ZlsTk5ZYffP8rR7L8PK9w,EUW1_7859302668,Riven,False,8,12,3,TOP,1590
NLK5RdRz9KvN0QNIGOXOVWkcOVgoCEnpAh8RUI8GofgmicXbuawTtZS26ZlsTk5ZYffP8rR7L8PK9w,EUW1_7859249879,Aatrox,True,4,7,6,TOP,1742
NLK5RdRz9KvN0QNIGOXOVWkcOVgoCEnpAh8RUI8GofgmicXbuawTtZS26ZlsTk5ZYffP8rR7L8PK9w,EUW1_7859167095,Aatrox,False,7,7,2,TOP,1870
NLK5RdRz9KvN0QNIGOXOVWkcOVgoCEnpAh8RUI8GofgmicXbuawTtZS26ZlsTk5ZYffP8rR7L8PK9w,EUW1_7859125109,Riven,True,16,4,6,TOP,1835
NLK5RdRz9KvN0QNIGOXOVWkcOVgoCEnpAh8RUI8GofgmicXbuawTtZS26ZlsTk5ZYffP8rR7L8PK9w,EUW1_7859094009,Renekton,False,1,10,4,TOP,1616
NLK5RdRz9KvN0QNIGOXOVWkcOVgoCEnpAh8RUI8GofgmicXbuawTtZS26ZlsTk5ZYffP8rR7L8PK9w,EUW1_7859055637,Jayce,False,7,13,9,TOP,1927
NLK5RdRz9KvN0QNIGOXOVWkcOVgoCEnpAh8RUI8GofgmicXbuawTtZS26ZlsTk5ZYffP8rR7L8PK9w,EUW1_7859017334,Kennen,True,16,9,11,TOP,1766
NLK5RdRz9KvN0QNIGOXOVWkcOVgoCEnpAh8RUI8GofgmicXbuawTtZS26ZlsTk5ZYffP8rR7L8PK9w,EUW1_7858993370,Malphite,True,5,5,8,TOP,1304
NLK5RdRz9KvN0QNIGOXOVWkcOVgoCEnpAh8RUI8GofgmicXbuawTtZS26ZlsTk5ZYffP8rR7L8PK9w,EUW1_7858972898,Gwen,True,4,2,0,TOP,1501
v3cWrMjiQeEGzc1PdjlNe2cKV5HAJ36An60nGiZT5az1I8rRuru_y_7o0gNHp9ySHKfax-S_e8nmlw,EUW1_7890912024,Seraphine,False,1,9,13,UTILITY,1641
v3cWrMjiQeEGzc1PdjlNe2cKV5HAJ36An60nGiZT5az1I8rRuru_y_7o0gNHp9ySHKfax-S_e8nmlw,EUW1_7890866201,Seraphine,True,0,6,24,UTILITY,1855
v3cWrMjiQeEGzc1PdjlNe2cKV5HAJ36An60nGiZT5az1I8rRuru_y_7o0gNHp9ySHKfax-S_e8nmlw,EUW1_7885325479,Soraka,False,0,4,3,UTILITY,1872
v3cWrMjiQeEGzc1PdjlNe2cKV5HAJ36An60nGiZT5az1I8rRuru_y_7o0gNHp9ySHKfax-S_e8nmlw,EUW1_7885263254,Gwen,False,0,7,1,TOP,1600
v3cWrMjiQeEGzc1PdjlNe2cKV5HAJ36An60nGiZT5az1I8rRuru_y_7o0gNHp9ySHKfax-S_e8nmlw,EUW1_7884161843,Seraphine,False,1,2,10,UTILITY,1517
v3cWrMjiQeEGzc1PdjlNe2cKV5HAJ36An60nGiZT5az1I8rRuru_y_7o0gNHp9ySHKfax-S_e8nmlw,EUW1_7884092771,Seraphine,True,3,5,21,UTILITY,1795
v3cWrMjiQeEGzc1PdjlNe2cKV5HAJ36An60nGiZT5az1I8rRuru_y_7o0gNHp9ySHKfax-S_e8nmlw,EUW1_7884021272,Seraphine,True,3,2,21,UTILITY,1689
v3cWrMjiQeEGzc1PdjlNe2cKV5HAJ36An60nGiZT5az1I8rRuru_y_7o0gNHp9ySHKfax-S_e8nmlw,EUW1_7883804627,Seraphine,True,1,7,19,UTILITY,1785
v3cWrMjiQeEGzc1PdjlNe2cKV5HAJ36An60nGiZT5az1I8rRuru_y_7o0gNHp9ySHKfax-S_e8nmlw,EUW1_7883771598,Soraka,False,0,8,12,UTILITY,1413
v3cWrMjiQeEGzc1PdjlNe2cKV5HAJ36An60nGiZT5az1I8rRuru_y_7o0gNHp9ySHKfax-S_e8nmlw,EUW1_7872927584,Lulu,True,1,3,18,UTILITY,1302
v3cWrMjiQeEGzc1PdjlNe2cKV5HAJ36An60nGiZT5az1I8rRuru_y_7o0gNHp9ySHKfax-S_e8nmlw,EUW1_7872911746,Lux,True,0,0,5,UTILITY,919
v3cWrMjiQeEGzc1PdjlNe2cKV5HAJ36An60nGiZT5az1I8rRuru_y_7o0gNHp9ySHKfax-S_e8nmlw,EUW1_7871425729,Leblanc,True,2,5,17,UTILITY,1679
v3cWrMjiQeEGzc1PdjlNe2cKV5HAJ36An60nGiZT5az1I8rRuru_y_7o0gNHp9ySHKfax-S_e8nmlw,EUW1_7871403633,Soraka,False,2,9,7,UTILITY,1333
v3cWrMjiQeEGzc1PdjlNe2cKV5HAJ36An60nGiZT5az1I8rRuru_y_7o0gNHp9ySHKfax-S_e8nmlw,EUW1_7871131519,Ahri,True,8,4,12,MIDDLE,1469
v3cWrMjiQeEGzc1PdjlNe2cKV5HAJ36An60nGiZT5az1I8rRuru_y_7o0gNHp9ySHKfax-S_e8nmlw,EUW1_7870866110,Soraka,True,1,3,20,UTILITY,1612
v3cWrMjiQeEGzc1PdjlNe2cKV5HAJ36An60nGiZT5az1I8rRuru_y_7o0gNHp9ySHKfax-S_e8nmlw,EUW1_7869789544,Soraka,True,1,7,17,UTILITY,1618
v3cWrMjiQeEGzc1PdjlNe2cKV5HAJ36An60nGiZT5az1I8rRuru_y_7o0gNHp9ySHKfax-S_e8nmlw,EUW1_7869050768,Seraphine,True,1,4,15,UTILITY,1490
v3cWrMjiQeEGzc1PdjlNe2cKV5HAJ36An60nGiZT5az1I8rRuru_y_7o0gNHp9ySHKfax-S_e8nmlw,EUW1_7866911363,Soraka,False,1,8,25,UTILITY,2152
v3cWrMjiQeEGzc1PdjlNe2cKV5HAJ36An60nGiZT5az1I8rRuru_y_7o0gNHp9ySHKfax-S_e8nmlw,EUW1_7866851345,Kayle,True,3,9,14,TOP,2081
v3cWrMjiQeEGzc1PdjlNe2cKV5HAJ36An60nGiZT5az1I8rRuru_y_7o0gNHp9ySHKfax-S_e8nmlw,EUW1_7866794314,Soraka,False,1,2,20,UTILITY,1987
v3cWrMjiQeEGzc1PdjlNe2cKV5HAJ36An60nGiZT5az1I8rRuru_y_7o0gNHp9ySHKfax-S_e8nmlw,EUW1_7866746217,Soraka,True,2,3,10,UTILITY,1254
v3cWrMjiQeEGzc1PdjlNe2cKV5HAJ36An60nGiZT5az1I8rRuru_y_7o0gNHp9ySHKfax-S_e8nmlw,EUW1_7866122482,Soraka,False,0,6,14,UTILITY,2006
v3cWrMjiQeEGzc1PdjlNe2cKV5HAJ36An60nGiZT5az1I8rRuru_y_7o0gNHp9ySHKfax-S_e8nmlw,EUW1_7866088906,Leblanc,True,1,2,9,UTILITY,1385
v3cWrMjiQeEGzc1PdjlNe2cKV5HAJ36An60nGiZT5az1I8rRuru_y_7o0gNHp9ySHKfax-S_e8nmlw,EUW1_7866045772,Soraka,False,0,7,9,UTILITY,1788
v3cWrMjiQeEGzc1PdjlNe2cKV5HAJ36An60nGiZT5az1I8rRuru_y_7o0gNHp9ySHKfax-S_e8nmlw,EUW1_7866002568,Soraka,False,0,3,7,UTILITY,1671
v3cWrMjiQeEGzc1PdjlNe2cKV5HAJ36An60nGiZT5az1I8rRuru_y_7o0gNHp9ySHKfax-S_e8nmlw,EUW1_7865197655,Leblanc,True,9,9,13,UTILITY,1954
v3cWrMjiQeEGzc1PdjlNe2cKV5HAJ36An60nGiZT5az1I8rRuru_y_7o0gNHp9ySHKfax-S_e8nmlw,EUW1_7864979133,Soraka,True,0,6,13,UTILITY,1832
v3cWrMjiQeEGzc1PdjlNe2cKV5HAJ36An60nGiZT5az1I8rRuru_y_7o0gNHp9ySHKfax-S_e8nmlw,EUW1_7863727631,Soraka,True,1,6,23,UTILITY,1466
v3cWrMjiQeEGzc1PdjlNe2cKV5HAJ36An60nGiZT5az1I8rRuru_y_7o0gNHp9ySHKfax-S_e8nmlw,EUW1_7863677167,Soraka,True,2,6,29,UTILITY,1659
v3cWrMjiQeEGzc1PdjlNe2cKV5HAJ36An60nGiZT5az1I8rRuru_y_7o0gNHp9ySHKfax-S_e8nmlw,EUW1_7862433146,Soraka,True,2,4,23,UTILITY,1899
v3cWrMjiQeEGzc1PdjlNe2cKV5HAJ36An60nGiZT5az1I8rRuru_y_7o0gNHp9ySHKfax-S_e8nmlw,EUW1_7862393401,Janna,True,0,4,13,UTILITY,1560
v3cWrMjiQeEGzc1PdjlNe2cKV5HAJ36An60nGiZT5az1I8rRuru_y_7o0gNHp9ySHKfax-S_e8nmlw,EUW1_7862049527,Zyra,False,6,9,19,UTILITY,2388
v3cWrMjiQeEGzc1PdjlNe2cKV5HAJ36An60nGiZT5az1I8rRuru_y_7o0gNHp9ySHKfax-S_e8nmlw,EUW1_7862023562,Soraka,False,0,7,16,UTILITY,1987
v3cWrMjiQeEGzc1PdjlNe2cKV5HAJ36An60nGiZT5az1I8rRuru_y_7o0gNHp9ySHKfax-S_e8nmlw,EUW1_7861927598,Soraka,False,1,7,20,UTILITY,2367
v3cWrMjiQeEGzc1PdjlNe2cKV5HAJ36An60nGiZT5az1I8rRuru_y_7o0gNHp9ySHKfax-S_e8nmlw,EUW1_7861913555,Lulu,False,1,11,21,UTILITY,1898
v3cWrMjiQeEGzc1PdjlNe2cKV5HAJ36An60nGiZT5az1I8rRuru_y_7o0gNHp9ySHKfax-S_e8nmlw,EUW1_7861898696,Soraka,False,1,5,5,UTILITY,1302
v3cWrMjiQeEGzc1PdjlNe2cKV5HAJ36An60nGiZT5az1I8rRuru_y_7o0gNHp9ySHKfax-S_e8nmlw,EUW1_7861886710,Soraka,True,0,0,15,UTILITY,1331
v3cWrMjiQeEGzc1PdjlNe2cKV5HAJ36An60nGiZT5az1I8rRuru_y_7o0gNHp9ySHKfax-S_e8nmlw,EUW1_7861735356,Soraka,False,1,5,21,UTILITY,1985
v3cWrMjiQeEGzc1PdjlNe2cKV5HAJ36An60nGiZT5az1I8rRuru_y_7o0gNHp9ySHKfax-S_e8nmlw,EUW1_7860748307,Soraka,True,2,3,27,UTILITY,1579
v3cWrMjiQeEGzc1PdjlNe2cKV5HAJ36An60nGiZT5az1I8rRuru_y_7o0gNHp9ySHKfax-S_e8nmlw,EUW1_7860405253,Soraka,True,0,2,21,UTILITY,1592
v3cWrMjiQeEGzc1PdjlNe2cKV5HAJ36An60nGiZT5az1I8rRuru_y_7o0gNHp9ySHKfax-S_e8nmlw,EUW1_7860354425,Mel,False,12,8,6,MIDDLE,1599
v3cWrMjiQeEGzc1PdjlNe2cKV5HAJ36An60nGiZT5az1I8rRuru_y_7o0gNHp9ySHKfax-S_e8nmlw,EUW1_7860311122,Soraka,True,1,1,23,UTILITY,1521
v3cWrMjiQeEGzc1PdjlNe2cKV5HAJ36An60nGiZT5az1I8rRuru_y_7o0gNHp9ySHKfax-S_e8nmlw,EUW1_7860269321,Soraka,False,0,3,6,UTILITY,1378
v3cWrMjiQeEGzc1PdjlNe2cKV5HAJ36An60nGiZT5az1I8rRuru_y_7o0gNHp9ySHKfax-S_e8nmlw,EUW1_7860134411,Soraka,False,0,5,13,UTILITY,1989
v3cWrMjiQeEGzc1PdjlNe2cKV5HAJ36An60nGiZT5az1I8rRuru_y_7o0gNHp9ySHKfax-S_e8nmlw,EUW1_7860089130,Soraka,True,0,9,13,UTILITY,2187
v3cWrMjiQeEGzc1PdjlNe2cKV5HAJ36An60nGiZT5az1I8rRuru_y_7o0gNHp9ySHKfax-S_e8nmlw,EUW1_7859714778,Soraka,True,1,1,21,UTILITY,1795
v3cWrMjiQeEGzc1PdjlNe2cKV5HAJ36An60nGiZT5az1I8rRuru_y_7o0gNHp9ySHKfax-S_e8nmlw,EUW1_7858630065,Soraka,True,1,6,20,UTILITY,1686
v3cWrMjiQeEGzc1PdjlNe2cKV5HAJ36An60nGiZT5az1I8rRuru_y_7o0gNHp9ySHKfax-S_e8nmlw,EUW1_7858589608,Soraka,True,2,3,15,UTILITY,2199
v3cWrMjiQeEGzc1PdjlNe2cKV5HAJ36An60nGiZT5az1I8rRuru_y_7o0gNHp9ySHKfax-S_e8nmlw,EUW1_7858516235,Soraka,True,2,2,30,UTILITY,2458
v3cWrMjiQeEGzc1PdjlNe2cKV5HAJ36An60nGiZT5az1I8rRuru_y_7o0gNHp9ySHKfax-S_e8nmlw,EUW1_7857567251,Mel,True,8,5,3,MIDDLE,1518
1MDjCAyT8Pbp-LnOofhS9MUIqfGZXJyePRRGwAuJ6QOPX0MzSSi2KbM4cZ5Q9NS7fAdkGHUKjc4MVw,EUW1_7866615189,Ashe,True,5,13,9,BOTTOM,2048
1MDjCAyT8Pbp-LnOofhS9MUIqfGZXJyePRRGwAuJ6QOPX0MzSSi2KbM4cZ5Q9NS7fAdkGHUKjc4MVw,EUW1_7866592541,Viktor,True,3,7,7,BOTTOM,1456
1MDjCAyT8Pbp-LnOofhS9MUIqfGZXJyePRRGwAuJ6QOPX0MzSSi2KbM4cZ5Q9NS7fAdkGHUKjc4MVw,EUW1_7866207289,Viktor,True,8,6,5,BOTTOM,1436
1MDjCAyT8Pbp-LnOofhS9MUIqfGZXJyePRRGwAuJ6QOPX0MzSSi2KbM4cZ5Q9NS7fAdkGHUKjc4MVw,EUW1_7866197054,Viktor,False,6,8,4,BOTTOM,1697
1MDjCAyT8Pbp-LnOofhS9MUIqfGZXJyePRRGwAuJ6QOPX0MzSSi2KbM4cZ5Q9NS7fAdkGHUKjc4MVw,EUW1_7862273279,Milio,False,1,2,3,UTILITY,918
1MDjCAyT8Pbp-LnOofhS9MUIqfGZXJyePRRGwAuJ6QOPX0MzSSi2KbM4cZ5Q9NS7fAdkGHUKjc4MVw,EUW1_7862238202,Yuumi,False,2,7,9,UTILITY,1667
1MDjCAyT8Pbp-LnOofhS9MUIqfGZXJyePRRGwAuJ6QOPX0MzSSi2KbM4cZ5Q9NS7fAdkGHUKjc4MVw,EUW1_7862214181,Milio,True,0,1,10,UTILITY,1282
1MDjCAyT8Pbp-LnOofhS9MUIqfGZXJyePRRGwAuJ6QOPX0MzSSi2KbM4cZ5Q9NS7fAdkGHUKjc4MVw,EUW1_7860970952,Milio,False,1,8,10,UTILITY,1602
1MDjCAyT8Pbp-LnOofhS9MUIqfGZXJyePRRGwAuJ6QOPX0MzSSi2KbM4cZ5Q9NS7fAdkGHUKjc4MVw,EUW1_7860158654,Nami,False,1,9,10,UTILITY,1726
1MDjCAyT8Pbp-LnOofhS9MUIqfGZXJyePRRGwAuJ6QOPX0MzSSi2KbM4cZ5Q9NS7fAdkGHUKjc4MVw,EUW1_7844289601,Jhin,True,12,2,12,BOTTOM,1506
1MDjCAyT8Pbp-LnOofhS9MUIqfGZXJyePRRGwAuJ6QOPX0MzSSi2KbM4cZ5Q9NS7fAdkGHUKjc4MVw,EUW1_7844266018,Viktor,True,3,0,12,BOTTOM,1708
1MDjCAyT8Pbp-LnOofhS9MUIqfGZXJyePRRGwAuJ6QOPX0MzSSi2KbM4cZ5Q9NS7fAdkGHUKjc4MVw,EUW1_7844247517,Jhin,True,5,7,10,BOTTOM,1714
1MDjCAyT8Pbp-LnOofhS9MUIqfGZXJyePRRGwAuJ6QOPX0MzSSi2KbM4cZ5Q9NS7fAdkGHUKjc4MVw,EUW1_7844135068,Nami,True,0,7,16,UTILITY,2055
1MDjCAyT8Pbp-LnOofhS9MUIqfGZXJyePRRGwAuJ6QOPX0MzSSi2KbM4cZ5Q9NS7fAdkGHUKjc4MVw,EUW1_7844115393,Jhin,True,17,6,9,BOTTOM,2686
1MDjCAyT8Pbp-LnOofhS9MUIqfGZXJyePRRGwAuJ6QOPX0MzSSi2KbM4cZ5Q9NS7fAdkGHUKjc4MVw,EUW1_7844111559,Viktor,False,1,8,6,BOTTOM,1496
1MDjCAyT8Pbp-LnOofhS9MUIqfGZXJyePRRGwAuJ6QOPX0MzSSi2KbM4cZ5Q9NS7fAdkGHUKjc4MVw,EUW1_7844091815,Viktor,False,2,7,3,BOTTOM,1760
1MDjCAyT8Pbp-LnOofhS9MUIqfGZXJyePRRGwAuJ6QOPX0MzSSi2KbM4cZ5Q9NS7fAdkGHUKjc4MVw,EUW1_7844051721,Viktor,True,10,4,9,BOTTOM,1414
1MDjCAyT8Pbp-LnOofhS9MUIqfGZXJyePRRGwAuJ6QOPX0MzSSi2KbM4cZ5Q9NS7fAdkGHUKjc4MVw,EUW1_7844004927,Viktor,True,15,13,26,BOTTOM,2405
1MDjCAyT8Pbp-LnOofhS9MUIqfGZXJyePRRGwAuJ6QOPX0MzSSi2KbM4cZ5Q9NS7fAdkGHUKjc4MVw,EUW1_7843986459,Viktor,True,7,1,3,BOTTOM,937
1MDjCAyT8Pbp-LnOofhS9MUIqfGZXJyePRRGwAuJ6QOPX0MzSSi2KbM4cZ5Q9NS7fAdkGHUKjc4MVw,EUW1_7843939179,Viktor,True,6,3,9,BOTTOM,1577
1MDjCAyT8Pbp-LnOofhS9MUIqfGZXJyePRRGwAuJ6QOPX0MzSSi2KbM4cZ5Q9NS7fAdkGHUKjc4MVw,EUW1_7843888752,Viktor,True,4,3,16,BOTTOM,1931
1MDjCAyT8Pbp-LnOofhS9MUIqfGZXJyePRRGwAuJ6QOPX0MzSSi2KbM4cZ5Q9NS7fAdkGHUKjc4MVw,EUW1_7843772661,Vayne,False,1,6,2,TOP,1421
1MDjCAyT8Pbp-LnOofhS9MUIqfGZXJyePRRGwAuJ6QOPX0MzSSi2KbM4cZ5Q9NS7fAdkGHUKjc4MVw,EUW1_7843711719,Ashe,False,9,11,5,BOTTOM,1615
1MDjCAyT8Pbp-LnOofhS9MUIqfGZXJyePRRGwAuJ6QOPX0MzSSi2KbM4cZ5Q9NS7fAdkGHUKjc4MVw,EUW1_7843665120,Jhin,True,3,8,11,BOTTOM,1385
1MDjCAyT8Pbp-LnOofhS9MUIqfGZXJyePRRGwAuJ6QOPX0MzSSi2KbM4cZ5Q9NS7fAdkGHUKjc4MVw,EUW1_7843588869,Viktor,True,12,13,17,BOTTOM,2878
1MDjCAyT8Pbp-LnOofhS9MUIqfGZXJyePRRGwAuJ6QOPX0MzSSi2KbM4cZ5Q9NS7fAdkGHUKjc4MVw,EUW1_7843538659,Viktor,False,10,9,13,BOTTOM,1884
1MDjCAyT8Pbp-LnOofhS9MUIqfGZXJyePRRGwAuJ6QOPX0MzSSi2KbM4cZ5Q9NS7fAdkGHUKjc4MVw,EUW1_7843516523,Ashe,False,2,4,2,BOTTOM,836
1MDjCAyT8Pbp-LnOofhS9MUIqfGZXJyePRRGwAuJ6QOPX0MzSSi2KbM4cZ5Q9NS7fAdkGHUKjc4MVw,EUW1_7843477790,Nami,False,0,5,4,UTILITY,1432
1MDjCAyT8Pbp-LnOofhS9MUIqfGZXJyePRRGwAuJ6QOPX0MzSSi2KbM4cZ5Q9NS7fAdkGHUKjc4MVw,EUW1_7843440713,Nami,True,1,6,16,UTILITY,1864
1MDjCAyT8Pbp-LnOofhS9MUIqfGZXJyePRRGwAuJ6QOPX0MzSSi2KbM4cZ5Q9NS7fAdkGHUKjc4MVw,EUW1_7843401194,Viktor,False,7,9,7,BOTTOM,1803
1MDjCAyT8Pbp-LnOofhS9MUIqfGZXJyePRRGwAuJ6QOPX0MzSSi2KbM4cZ5Q9NS7fAdkGHUKjc4MVw,EUW1_7843060641,Viktor,False,16,18,12,BOTTOM,2695
1MDjCAyT8Pbp-LnOofhS9MUIqfGZXJyePRRGwAuJ6QOPX0MzSSi2KbM4cZ5Q9NS7fAdkGHUKjc4MVw,EUW1_7840667815,XinZhao,True,0,13,19,UTILITY,1837
1MDjCAyT8Pbp-LnOofhS9MUIqfGZXJyePRRGwAuJ6QOPX0MzSSi2KbM4cZ5Q9NS7fAdkGHUKjc4MVw,EUW1_7840657843,Viktor,False,2,7,6,BOTTOM,1961
1MDjCAyT8Pbp-LnOofhS9MUIqfGZXJyePRRGwAuJ6QOPX0MzSSi2KbM4cZ5Q9NS7fAdkGHUKjc4MVw,EUW1_7840639302,Nami,False,0,12,19,UTILITY,2099
1MDjCAyT8Pbp-LnOofhS9MUIqfGZXJyePRRGwAuJ6QOPX0MzSSi2KbM4cZ5Q9NS7fAdkGHUKjc4MVw,EUW1_7840634724,Nami,False,4,4,3,UTILITY,955
1MDjCAyT8Pbp-LnOofhS9MUIqfGZXJyePRRGwAuJ6QOPX0MzSSi2KbM4cZ5Q9NS7fAdkGHUKjc4MVw,EUW1_7840618072,Nami,False,1,10,18,UTILITY,1540
1MDjCAyT8Pbp-LnOofhS9MUIqfGZXJyePRRGwAuJ6QOPX0MzSSi2KbM4cZ5Q9NS7fAdkGHUKjc4MVw,EUW1_7840545461,Leona,False,2,13,6,UTILITY,1719
1MDjCAyT8Pbp-LnOofhS9MUIqfGZXJyePRRGwAuJ6QOPX0MzSSi2KbM4cZ5Q9NS7fAdkGHUKjc4MVw,EUW1_7840493289,Milio,False,2,11,16,UTILITY,2042
1MDjCAyT8Pbp-LnOofhS9MUIqfGZXJyePRRGwAuJ6QOPX0MzSSi2KbM4cZ5Q9NS7fAdkGHUKjc4MVw,EUW1_7840448011,Seraphine,True,1,6,16,UTILITY,1908
1MDjCAyT8Pbp-LnOofhS9MUIqfGZXJyePRRGwAuJ6QOPX0MzSSi2KbM4cZ5Q9NS7fAdkGHUKjc4MVw,EUW1_7840393589,Milio,False,0,8,10,UTILITY,2181
1MDjCAyT8Pbp-LnOofhS9MUIqfGZXJyePRRGwAuJ6QOPX0MzSSi2KbM4cZ5Q9NS7fAdkGHUKjc4MVw,EUW1_7840337762,Gnar,True,3,7,11,TOP,1895
1MDjCAyT8Pbp-LnOofhS9MUIqfGZXJyePRRGwAuJ6QOPX0MzSSi2KbM4cZ5Q9NS7fAdkGHUKjc4MVw,EUW1_7840237734,Milio,False,0,6,7,UTILITY,1395
1MDjCAyT8Pbp-LnOofhS9MUIqfGZXJyePRRGwAuJ6QOPX0MzSSi2KbM4cZ5Q9NS7fAdkGHUKjc4MVw,EUW1_7839624624,Milio,True,1,3,25,UTILITY,1999
1MDjCAyT8Pbp-LnOofhS9MUIqfGZXJyePRRGwAuJ6QOPX0MzSSi2KbM4cZ5Q9NS7fAdkGHUKjc4MVw,EUW1_7839594667,Milio,False,5,11,32,UTILITY,2446
1MDjCAyT8Pbp-LnOofhS9MUIqfGZXJyePRRGwAuJ6QOPX0MzSSi2KbM4cZ5Q9NS7fAdkGHUKjc4MVw,EUW1_7839577630,Milio,True,0,5,23,UTILITY,1672
1MDjCAyT8Pbp-LnOofhS9MUIqfGZXJyePRRGwAuJ6QOPX0MzSSi2KbM4cZ5Q9NS7fAdkGHUKjc4MVw,EUW1_7839557220,Milio,True,2,3,20,UTILITY,1892
1MDjCAyT8Pbp-LnOofhS9MUIqfGZXJyePRRGwAuJ6QOPX0MzSSi2KbM4cZ5Q9NS7fAdkGHUKjc4MVw,EUW1_7839547963,Milio,True,2,3,17,UTILITY,1643
1MDjCAyT8Pbp-LnOofhS9MUIqfGZXJyePRRGwAuJ6QOPX0MzSSi2KbM4cZ5Q9NS7fAdkGHUKjc4MVw,EUW1_7839544704,Milio,True,2,1,3,UTILITY,928
1MDjCAyT8Pbp-LnOofhS9MUIqfGZXJyePRRGwAuJ6QOPX0MzSSi2KbM4cZ5Q9NS7fAdkGHUKjc4MVw,EUW1_7839537703,Leona,True,1,4,13,UTILITY,1442
1MDjCAyT8Pbp-LnOofhS9MUIqfGZXJyePRRGwAuJ6QOPX0MzSSi2KbM4cZ5Q9NS7fAdkGHUKjc4MVw,EUW1_7839531793,Ashe,False,0,3,1,BOTTOM,1157
hrvt_006sGjl0fXDjljn2vlBHCVQoArzbK98hllqo9uk17NSsIJVfjJ-jaREhQNHOoJYOiYml2EFTg,EUW1_7881701309,Taliyah,True,3,9,10,BOTTOM,1765
hrvt_006sGjl0fXDjljn2vlBHCVQoArzbK98hllqo9uk17NSsIJVfjJ-jaREhQNHOoJYOiYml2EFTg,EUW1_7877587331,Kaisa,False,4,5,1,BOTTOM,1567
hrvt_006sGjl0fXDjljn2vlBHCVQoArzbK98hllqo9uk17NSsIJVfjJ-jaREhQNHOoJYOiYml2EFTg,EUW1_7877545534,Kaisa,True,14,7,10,BOTTOM,1736
hrvt_006sGjl0fXDjljn2vlBHCVQoArzbK98hllqo9uk17NSsIJVfjJ-jaREhQNHOoJYOiYml2EFTg,EUW1_7874739550,Caitlyn,False,5,9,7,BOTTOM,1788
hrvt_006sGjl0fXDjljn2vlBHCVQoArzbK98hllqo9uk17NSsIJVfjJ-jaREhQNHOoJYOiYml2EFTg,EUW1_7874734849,Vayne,False,0,1,1,BOTTOM,80
hrvt_006sGjl0fXDjljn2vlBHCVQoArzbK98hllqo9uk17NSsIJVfjJ-jaREhQNHOoJYOiYml2EFTg,EUW1_7868597273,Alistar,False,1,7,15,UTILITY,1597
hrvt_006sGjl0fXDjljn2vlBHCVQoArzbK98hllqo9uk17NSsIJVfjJ-jaREhQNHOoJYOiYml2EFTg,EUW1_7868591283,Nautilus,False,0,0,0,UTILITY,84
hrvt_006sGjl0fXDjljn2vlBHCVQoArzbK98hllqo9uk17NSsIJVfjJ-jaREhQNHOoJYOiYml2EFTg,EUW1_7868560887,Nautilus,True,4,3,24,UTILITY,1850
hrvt_006sGjl0fXDjljn2vlBHCVQoArzbK98hllqo9uk17NSsIJVfjJ-jaREhQNHOoJYOiYml2EFTg,EUW1_7868529269,Lucian,False,3,7,1,BOTTOM,1573
hrvt_006sGjl0fXDjljn2vlBHCVQoArzbK98hllqo9uk17NSsIJVfjJ-jaREhQNHOoJYOiYml2EFTg,EUW1_7868153666,Mel,False,8,7,3,BOTTOM,1829
hrvt_006sGjl0fXDjljn2vlBHCVQoArzbK98hllqo9uk17NSsIJVfjJ-jaREhQNHOoJYOiYml2EFTg,EUW1_7868108466,Lucian,True,9,5,5,BOTTOM,2312
hrvt_006sGjl0fXDjljn2vlBHCVQoArzbK98hllqo9uk17NSsIJVfjJ-jaREhQNHOoJYOiYml2EFTg,EUW1_7867118737,Lucian,True,13,9,6,BOTTOM,2051
hrvt_006sGjl0fXDjljn2vlBHCVQoArzbK98hllqo9uk17NSsIJVfjJ-jaREhQNHOoJYOiYml2EFTg,EUW1_7867061398,Ashe,True,9,4,10,BOTTOM,1898
hrvt_006sGjl0fXDjljn2vlBHCVQoArzbK98hllqo9uk17NSsIJVfjJ-jaREhQNHOoJYOiYml2EFTg,EUW1_7866181169,Lucian,False,4,10,4,BOTTOM,1527
hrvt_006sGjl0fXDjljn2vlBHCVQoArzbK98hllqo9uk17NSsIJVfjJ-jaREhQNHOoJYOiYml2EFTg,EUW1_7866167788,Aphelios,False,1,10,3,BOTTOM,1502
hrvt_006sGjl0fXDjljn2vlBHCVQoArzbK98hllqo9uk17NSsIJVfjJ-jaREhQNHOoJYOiYml2EFTg,EUW1_7866146708,Ezreal,True,11,4,3,BOTTOM,1477
hrvt_006sGjl0fXDjljn2vlBHCVQoArzbK98hllqo9uk17NSsIJVfjJ-jaREhQNHOoJYOiYml2EFTg,EUW1_7866119990,Kaisa,False,3,7,2,BOTTOM,1490
hrvt_006sGjl0fXDjljn2vlBHCVQoArzbK98hllqo9uk17NSsIJVfjJ-jaREhQNHOoJYOiYml2EFTg,EUW1_7866087993,Ashe,True,8,3,11,BOTTOM,1676
hrvt_006sGjl0fXDjljn2vlBHCVQoArzbK98hllqo9uk17NSsIJVfjJ-jaREhQNHOoJYOiYml2EFTg,EUW1_7866041506,Lucian,True,5,6,13,BOTTOM,2148
hrvt_006sGjl0fXDjljn2vlBHCVQoArzbK98hllqo9uk17NSsIJVfjJ-jaREhQNHOoJYOiYml2EFTg,EUW1_7865982547,Taliyah,False,8,10,13,BOTTOM,2253
hrvt_006sGjl0fXDjljn2vlBHCVQoArzbK98hllqo9uk17NSsIJVfjJ-jaREhQNHOoJYOiYml2EFTg,EUW1_7865922396,Smolder,True,5,5,10,BOTTOM,1468
hrvt_006sGjl0fXDjljn2vlBHCVQoArzbK98hllqo9uk17NSsIJVfjJ-jaREhQNHOoJYOiYml2EFTg,EUW1_7863693572,Mel,False,13,8,5,BOTTOM,2013
hrvt_006sGjl0fXDjljn2vlBHCVQoArzbK98hllqo9uk17NSsIJVfjJ-jaREhQNHOoJYOiYml2EFTg,EUW1_7863639088,Caitlyn,False,3,6,5,BOTTOM,1827
hrvt_006sGjl0fXDjljn2vlBHCVQoArzbK98hllqo9uk17NSsIJVfjJ-jaREhQNHOoJYOiYml2EFTg,EUW1_7862151595,Caitlyn,True,10,5,8,BOTTOM,1761
hrvt_006sGjl0fXDjljn2vlBHCVQoArzbK98hllqo9uk17NSsIJVfjJ-jaREhQNHOoJYOiYml2EFTg,EUW1_7862126007,Caitlyn,True,5,3,4,BOTTOM,978
hrvt_006sGjl0fXDjljn2vlBHCVQoArzbK98hllqo9uk17NSsIJVfjJ-jaREhQNHOoJYOiYml2EFTg,EUW1_7862091085,Corki,False,5,8,6,BOTTOM,1964
hrvt_006sGjl0fXDjljn2vlBHCVQoArzbK98hllqo9uk17NSsIJVfjJ-jaREhQNHOoJYOiYml2EFTg,EUW1_7862040533,Xayah,True,10,7,8,BOTTOM,1883
hrvt_006sGjl0fXDjljn2vlBHCVQoArzbK98hllqo9uk17NSsIJVfjJ-jaREhQNHOoJYOiYml2EFTg,EUW1_7862007050,Kaisa,False,6,9,8,BOTTOM,2063
hrvt_006sGjl0fXDjljn2vlBHCVQoArzbK98hllqo9uk17NSsIJVfjJ-jaREhQNHOoJYOiYml2EFTg,EUW1_7860079269,Mel,False,5,6,6,BOTTOM,1471
hrvt_006sGjl0fXDjljn2vlBHCVQoArzbK98hllqo9uk17NSsIJVfjJ-jaREhQNHOoJYOiYml2EFTg,EUW1_7860061770,Jinx,True,3,4,2,BOTTOM,1208
hrvt_006sGjl0fXDjljn2vlBHCVQoArzbK98hllqo9uk17NSsIJVfjJ-jaREhQNHOoJYOiYml2EFTg,EUW1_7860036445,Jinx,True,9,0,5,BOTTOM,911
hrvt_006sGjl0fXDjljn2vlBHCVQoArzbK98hllqo9uk17NSsIJVfjJ-jaREhQNHOoJYOiYml2EFTg,EUW1_7859119385,Corki,True,2,4,4,BOTTOM,1070
hrvt_006sGjl0fXDjljn2vlBHCVQoArzbK98hllqo9uk17NSsIJVfjJ-jaREhQNHOoJYOiYml2EFTg,EUW1_7859089905,Corki,True,7,1,8,BOTTOM,1476
hrvt_006sGjl0fXDjljn2vlBHCVQoArzbK98hllqo9uk17NSsIJVfjJ-jaREhQNHOoJYOiYml2EFTg,EUW1_7859046430,Kaisa,True,13,6,7,BOTTOM,1816
hrvt_006sGjl0fXDjljn2vlBHCVQoArzbK98hllqo9uk17NSsIJVfjJ-jaREhQNHOoJYOiYml2EFTg,EUW1_7857443502,Xayah,True,11,8,12,BOTTOM,2232
hrvt_006sGjl0fXDjljn2vlBHCVQoArzbK98hllqo9uk17NSsIJVfjJ-jaREhQNHOoJYOiYml2EFTg,EUW1_7857336390,Smolder,True,11,3,14,BOTTOM,1944
hrvt_006sGjl0fXDjljn2vlBHCVQoArzbK98hllqo9uk17NSsIJVfjJ-jaREhQNHOoJYOiYml2EFTg,EUW1_7857278122,Kalista,False,9,5,9,BOTTOM,1845
hrvt_006sGjl0fXDjljn2vlBHCVQoArzbK98hllqo9uk17NSsIJVfjJ-jaREhQNHOoJYOiYml2EFTg,EUW1_7856923863,Caitlyn,True,8,0,3,BOTTOM,1369
hrvt_006sGjl0fXDjljn2vlBHCVQoArzbK98hllqo9uk17NSsIJVfjJ-jaREhQNHOoJYOiYml2EFTg,EUW1_7856874797,Kaisa,False,14,15,11,BOTTOM,1783
hrvt_006sGjl0fXDjljn2vlBHCVQoArzbK98hllqo9uk17NSsIJVfjJ-jaREhQNHOoJYOiYml2EFTg,EUW1_7856428784,Mel,True,8,7,6,MIDDLE,2005
hrvt_006sGjl0fXDjljn2vlBHCVQoArzbK98hllqo9uk17NSsIJVfjJ-jaREhQNHOoJYOiYml2EFTg,EUW1_7850658602,Ashe,True,10,8,4,BOTTOM,1115
hrvt_006sGjl0fXDjljn2vlBHCVQoArzbK98hllqo9uk17NSsIJVfjJ-jaREhQNHOoJYOiYml2EFTg,EUW1_7847632054,Kalista,True,0,2,1,BOTTOM,504
hrvt_006sGjl0fXDjljn2vlBHCVQoArzbK98hllqo9uk17NSsIJVfjJ-jaREhQNHOoJYOiYml2EFTg,EUW1_7842997105,Caitlyn,False,4,4,2,BOTTOM,954
hrvt_006sGjl0fXDjljn2vlBHCVQoArzbK98hllqo9uk17NSsIJVfjJ-jaREhQNHOoJYOiYml2EFTg,EUW1_7840565926,Ezreal,False,9,9,10,BOTTOM,2117
hrvt_006sGjl0fXDjljn2vlBHCVQoArzbK98hllqo9uk17NSsIJVfjJ-jaREhQNHOoJYOiYml2EFTg,EUW1_7839398668,Aphelios,True,11,4,7,BOTTOM,1954
hrvt_006sGjl0fXDjljn2vlBHCVQoArzbK98hllqo9uk17NSsIJVfjJ-jaREhQNHOoJYOiYml2EFTg,EUW1_7837715457,Karma,True,0,4,7,UTILITY,1223
hrvt_006sGjl0fXDjljn2vlBHCVQoArzbK98hllqo9uk17NSsIJVfjJ-jaREhQNHOoJYOiYml2EFTg,EUW1_7837669325,Kaisa,False,4,9,2,BOTTOM,1790
hrvt_006sGjl0fXDjljn2vlBHCVQoArzbK98hllqo9uk17NSsIJVfjJ-jaREhQNHOoJYOiYml2EFTg,EUW1_7835346012,Leblanc,False,11,6,11,MIDDLE,2179
hrvt_006sGjl0fXDjljn2vlBHCVQoArzbK98hllqo9uk17NSsIJVfjJ-jaREhQNHOoJYOiYml2EFTg,EUW1_7835319939,Sivir,False,6,9,1,BOTTOM,2293
hrvt_006sGjl0fXDjljn2vlBHCVQoArzbK98hllqo9uk17NSsIJVfjJ-jaREhQNHOoJYOiYml2EFTg,EUW1_7835309817,Yunara,False,0,2,2,BOTTOM,1073
5uTjaWO0TEOXQBJsdIq8RvYvJBHY8svugDgI1d2ICLsXCgE2UiQpEt5dAhmjns7q2S0EBxyVppxxAA,EUW1_7857815995,Qiyana,False,9,8,8,MIDDLE,1999
5uTjaWO0TEOXQBJsdIq8RvYvJBHY8svugDgI1d2ICLsXCgE2UiQpEt5dAhmjns7q2S0EBxyVppxxAA,EUW1_7857799968,Qiyana,False,5,7,4,MIDDLE,1538
5uTjaWO0TEOXQBJsdIq8RvYvJBHY8svugDgI1d2ICLsXCgE2UiQpEt5dAhmjns7q2S0EBxyVppxxAA,EUW1_7857781374,Qiyana,False,7,5,3,MIDDLE,1579
5uTjaWO0TEOXQBJsdIq8RvYvJBHY8svugDgI1d2ICLsXCgE2UiQpEt5dAhmjns7q2S0EBxyVppxxAA,EUW1_7849266892,Qiyana,True,9,16,3,BOTTOM,1986
5uTjaWO0TEOXQBJsdIq8RvYvJBHY8svugDgI1d2ICLsXCgE2UiQpEt5dAhmjns7q2S0EBxyVppxxAA,EUW1_7848005232,Qiyana,True,5,1,5,MIDDLE,1152
5uTjaWO0TEOXQBJsdIq8RvYvJBHY8svugDgI1d2ICLsXCgE2UiQpEt5dAhmjns7q2S0EBxyVppxxAA,EUW1_7847882213,Sylas,True,10,9,8,TOP,1757
5uTjaWO0TEOXQBJsdIq8RvYvJBHY8svugDgI1d2ICLsXCgE2UiQpEt5dAhmjns7q2S0EBxyVppxxAA,EUW1_7847822130,Qiyana,True,15,9,6,MIDDLE,1759
5uTjaWO0TEOXQBJsdIq8RvYvJBHY8svugDgI1d2ICLsXCgE2UiQpEt5dAhmjns7q2S0EBxyVppxxAA,EUW1_7847778226,Qiyana,False,5,12,8,MIDDLE,1938
5uTjaWO0TEOXQBJsdIq8RvYvJBHY8svugDgI1d2ICLsXCgE2UiQpEt5dAhmjns7q2S0EBxyVppxxAA,EUW1_7847739395,Sylas,False,1,9,5,MIDDLE,1742
5uTjaWO0TEOXQBJsdIq8RvYvJBHY8svugDgI1d2ICLsXCgE2UiQpEt5dAhmjns7q2S0EBxyVppxxAA,EUW1_7845804358,Sylas,True,8,2,4,JUNGLE,1415
5uTjaWO0TEOXQBJsdIq8RvYvJBHY8svugDgI1d2ICLsXCgE2UiQpEt5dAhmjns7q2S0EBxyVppxxAA,EUW1_7845628808,Qiyana,True,10,1,7,MIDDLE,1329
5uTjaWO0TEOXQBJsdIq8RvYvJBHY8svugDgI1d2ICLsXCgE2UiQpEt5dAhmjns7q2S0EBxyVppxxAA,EUW1_7845579112,Qiyana,True,15,3,7,MIDDLE,1815
5uTjaWO0TEOXQBJsdIq8RvYvJBHY8svugDgI1d2ICLsXCgE2UiQpEt5dAhmjns7q2S0EBxyVppxxAA,EUW1_7844816321,Ziggs,False,0,1,10,BOTTOM,1468
5uTjaWO0TEOXQBJsdIq8RvYvJBHY8svugDgI1d2ICLsXCgE2UiQpEt5dAhmjns7q2S0EBxyVppxxAA,EUW1_7844764945,Qiyana,False,2,8,4,TOP,2048
5uTjaWO0TEOXQBJsdIq8RvYvJBHY8svugDgI1d2ICLsXCgE2UiQpEt5dAhmjns7q2S0EBxyVppxxAA,EUW1_7844583624,Qiyana,True,10,9,12,MIDDLE,2115
5uTjaWO0TEOXQBJsdIq8RvYvJBHY8svugDgI1d2ICLsXCgE2UiQpEt5dAhmjns7q2S0EBxyVppxxAA,EUW1_7844537340,Qiyana,False,5,10,9,MIDDLE,1644
5uTjaWO0TEOXQBJsdIq8RvYvJBHY8svugDgI1d2ICLsXCgE2UiQpEt5dAhmjns7q2S0EBxyVppxxAA,EUW1_7843966238,Qiyana,True,4,4,10,MIDDLE,1404
5uTjaWO0TEOXQBJsdIq8RvYvJBHY8svugDgI1d2ICLsXCgE2UiQpEt5dAhmjns7q2S0EBxyVppxxAA,EUW1_7843438136,Qiyana,True,4,4,6,MIDDLE,1524
5uTjaWO0TEOXQBJsdIq8RvYvJBHY8svugDgI1d2ICLsXCgE2UiQpEt5dAhmjns7q2S0EBxyVppxxAA,EUW1_7842219510,Qiyana,True,8,6,4,MIDDLE,1808
5uTjaWO0TEOXQBJsdIq8RvYvJBHY8svugDgI1d2ICLsXCgE2UiQpEt5dAhmjns7q2S0EBxyVppxxAA,EUW1_7842185442,Qiyana,True,6,2,0,TOP,925
5uTjaWO0TEOXQBJsdIq8RvYvJBHY8svugDgI1d2ICLsXCgE2UiQpEt5dAhmjns7q2S0EBxyVppxxAA,EUW1_7842149786,Qiyana,True,8,9,7,MIDDLE,2148
5uTjaWO0TEOXQBJsdIq8RvYvJBHY8svugDgI1d2ICLsXCgE2UiQpEt5dAhmjns7q2S0EBxyVppxxAA,EUW1_7841592405,Qiyana,False,14,8,7,MIDDLE,1830
5uTjaWO0TEOXQBJsdIq8RvYvJBHY8svugDgI1d2ICLsXCgE2UiQpEt5dAhmjns7q2S0EBxyVppxxAA,EUW1_7841586218,Qiyana,False,0,0,0,MIDDLE,81
5uTjaWO0TEOXQBJsdIq8RvYvJBHY8svugDgI1d2ICLsXCgE2UiQpEt5dAhmjns7q2S0EBxyVppxxAA,EUW1_7841524711,Qiyana,False,14,9,9,MIDDLE,2017
5uTjaWO0TEOXQBJsdIq8RvYvJBHY8svugDgI1d2ICLsXCgE2UiQpEt5dAhmjns7q2S0EBxyVppxxAA,EUW1_7841443405,Qiyana,False,3,9,5,TOP,1844
5uTjaWO0TEOXQBJsdIq8RvYvJBHY8svugDgI1d2ICLsXCgE2UiQpEt5dAhmjns7q2S0EBxyVppxxAA,EUW1_7841385823,Qiyana,True,5,3,9,MIDDLE,1339
5uTjaWO0TEOXQBJsdIq8RvYvJBHY8svugDgI1d2ICLsXCgE2UiQpEt5dAhmjns7q2S0EBxyVppxxAA,EUW1_7841200258,Qiyana,True,10,1,3,MIDDLE,923
5uTjaWO0TEOXQBJsdIq8RvYvJBHY8svugDgI1d2ICLsXCgE2UiQpEt5dAhmjns7q2S0EBxyVppxxAA,EUW1_7840965626,Qiyana,True,8,3,7,MIDDLE,1688
5uTjaWO0TEOXQBJsdIq8RvYvJBHY8svugDgI1d2ICLsXCgE2UiQpEt5dAhmjns7q2S0EBxyVppxxAA,EUW1_7840911275,Qiyana,True,15,6,8,MIDDLE,1947
5uTjaWO0TEOXQBJsdIq8RvYvJBHY8svugDgI1d2ICLsXCgE2UiQpEt5dAhmjns7q2S0EBxyVppxxAA,EUW1_7840881984,Sylas,False,3,11,3,MIDDLE,1485
5uTjaWO0TEOXQBJsdIq8RvYvJBHY8svugDgI1d2ICLsXCgE2UiQpEt5dAhmjns7q2S0EBxyVppxxAA,EUW1_7840843170,Qiyana,False,15,9,5,MIDDLE,2077
5uTjaWO0TEOXQBJsdIq8RvYvJBHY8svugDgI1d2ICLsXCgE2UiQpEt5dAhmjns7q2S0EBxyVppxxAA,EUW1_7840812179,Sylas,False,6,9,10,JUNGLE,1809
5uTjaWO0TEOXQBJsdIq8RvYvJBHY8svugDgI1d2ICLsXCgE2UiQpEt5dAhmjns7q2S0EBxyVppxxAA,EUW1_7840242048,Qiyana,True,17,11,10,MIDDLE,1946
5uTjaWO0TEOXQBJsdIq8RvYvJBHY8svugDgI1d2ICLsXCgE2UiQpEt5dAhmjns7q2S0EBxyVppxxAA,EUW1_7839625156,Qiyana,True,13,7,8,MIDDLE,1714
5uTjaWO0TEOXQBJsdIq8RvYvJBHY8svugDgI1d2ICLsXCgE2UiQpEt5dAhmjns7q2S0EBxyVppxxAA,EUW1_7839111764,Qiyana,True,23,6,4,MIDDLE,1688
5uTjaWO0TEOXQBJsdIq8RvYvJBHY8svugDgI1d2ICLsXCgE2UiQpEt5dAhmjns7q2S0EBxyVppxxAA,EUW1_7839063082,Qiyana,False,8,5,8,MIDDLE,1625
5uTjaWO0TEOXQBJsdIq8RvYvJBHY8svugDgI1d2ICLsXCgE2UiQpEt5dAhmjns7q2S0EBxyVppxxAA,EUW1_7838876650,Qiyana,True,5,2,0,MIDDLE,926
5uTjaWO0TEOXQBJsdIq8RvYvJBHY8svugDgI1d2ICLsXCgE2UiQpEt5dAhmjns7q2S0EBxyVppxxAA,EUW1_7838843862,Qiyana,True,8,2,2,MIDDLE,913
5uTjaWO0TEOXQBJsdIq8RvYvJBHY8svugDgI1d2ICLsXCgE2UiQpEt5dAhmjns7q2S0EBxyVppxxAA,EUW1_7838757630,Qiyana,True,10,9,6,MIDDLE,1906
5uTjaWO0TEOXQBJsdIq8RvYvJBHY8svugDgI1d2ICLsXCgE2UiQpEt5dAhmjns7q2S0EBxyVppxxAA,EUW1_7838561953,Qiyana,True,11,2,2,MIDDLE,1132
5uTjaWO0TEOXQBJsdIq8RvYvJBHY8svugDgI1d2ICLsXCgE2UiQpEt5dAhmjns7q2S0EBxyVppxxAA,EUW1_7837499857,Qiyana,True,12,7,10,MIDDLE,2255
5uTjaWO0TEOXQBJsdIq8RvYvJBHY8svugDgI1d2ICLsXCgE2UiQpEt5dAhmjns7q2S0EBxyVppxxAA,EUW1_7836903220,Qiyana,True,7,1,8,TOP,1438
5uTjaWO0TEOXQBJsdIq8RvYvJBHY8svugDgI1d2ICLsXCgE2UiQpEt5dAhmjns7q2S0EBxyVppxxAA,EUW1_7836840832,Qiyana,True,13,3,5,MIDDLE,1481
5uTjaWO0TEOXQBJsdIq8RvYvJBHY8svugDgI1d2ICLsXCgE2UiQpEt5dAhmjns7q2S0EBxyVppxxAA,EUW1_7836520843,Qiyana,True,8,4,2,MIDDLE,1311
5uTjaWO0TEOXQBJsdIq8RvYvJBHY8svugDgI1d2ICLsXCgE2UiQpEt5dAhmjns7q2S0EBxyVppxxAA,EUW1_7836469408,Qiyana,True,13,2,4,MIDDLE,1193
5uTjaWO0TEOXQBJsdIq8RvYvJBHY8svugDgI1d2ICLsXCgE2UiQpEt5dAhmjns7q2S0EBxyVppxxAA,EUW1_7827129977,Qiyana,False,10,7,3,MIDDLE,1844
5uTjaWO0TEOXQBJsdIq8RvYvJBHY8svugDgI1d2ICLsXCgE2UiQpEt5dAhmjns7q2S0EBxyVppxxAA,EUW1_7826435103,Qiyana,True,13,2,8,MIDDLE,1386
5uTjaWO0TEOXQBJsdIq8RvYvJBHY8svugDgI1d2ICLsXCgE2UiQpEt5dAhmjns7q2S0EBxyVppxxAA,EUW1_7826373876,Sylas,False,6,6,9,TOP,1755
5uTjaWO0TEOXQBJsdIq8RvYvJBHY8svugDgI1d2ICLsXCgE2UiQpEt5dAhmjns7q2S0EBxyVppxxAA,EUW1_7826203628,Qiyana,True,14,5,5,MIDDLE,1530
5uTjaWO0TEOXQBJsdIq8RvYvJBHY8svugDgI1d2ICLsXCgE2UiQpEt5dAhmjns7q2S0EBxyVppxxAA,EUW1_7826012151,Qiyana,True,10,3,4,MIDDLE,1375
LOm25MFeOsX9AN3ckHy7tcOFypEiOQ0XKjM4hWCVFw8PM9S3qO1CqYLd_8JXG48XfXEFgZgDAMXEUA,EUW1_7892883382,Bard,True,7,1,12,UTILITY,1136
LOm25MFeOsX9AN3ckHy7tcOFypEiOQ0XKjM4hWCVFw8PM9S3qO1CqYLd_8JXG48XfXEFgZgDAMXEUA,EUW1_7892833241,Bard,True,10,5,26,UTILITY,1851
LOm25MFeOsX9AN3ckHy7tcOFypEiOQ0XKjM4hWCVFw8PM9S3qO1CqYLd_8JXG48XfXEFgZgDAMXEUA,EUW1_7857231379,Bard,True,7,5,32,UTILITY,1886
LOm25MFeOsX9AN3ckHy7tcOFypEiOQ0XKjM4hWCVFw8PM9S3qO1CqYLd_8JXG48XfXEFgZgDAMXEUA,EUW1_7857218404,Zyra,True,0,0,0,UTILITY,71
LOm25MFeOsX9AN3ckHy7tcOFypEiOQ0XKjM4hWCVFw8PM9S3qO1CqYLd_8JXG48XfXEFgZgDAMXEUA,EUW1_7835590443,Bard,True,3,6,12,UTILITY,1834
LOm25MFeOsX9AN3ckHy7tcOFypEiOQ0XKjM4hWCVFw8PM9S3qO1CqYLd_8JXG48XfXEFgZgDAMXEUA,EUW1_7835552023,Bard,False,0,4,2,UTILITY,1198
LOm25MFeOsX9AN3ckHy7tcOFypEiOQ0XKjM4hWCVFw8PM9S3qO1CqYLd_8JXG48XfXEFgZgDAMXEUA,EUW1_7835495458,Nautilus,True,4,9,25,UTILITY,2015
LOm25MFeOsX9AN3ckHy7tcOFypEiOQ0XKjM4hWCVFw8PM9S3qO1CqYLd_8JXG48XfXEFgZgDAMXEUA,EUW1_7835449274,Nami,True,1,9,18,UTILITY,2092
LOm25MFeOsX9AN3ckHy7tcOFypEiOQ0XKjM4hWCVFw8PM9S3qO1CqYLd_8JXG48XfXEFgZgDAMXEUA,EUW1_7835404452,Bard,True,2,10,24,UTILITY,1818
LOm25MFeOsX9AN3ckHy7tcOFypEiOQ0XKjM4hWCVFw8PM9S3qO1CqYLd_8JXG48XfXEFgZgDAMXEUA,EUW1_7835386495,Bard,False,4,2,6,UTILITY,1989
LOm25MFeOsX9AN3ckHy7tcOFypEiOQ0XKjM4hWCVFw8PM9S3qO1CqYLd_8JXG48XfXEFgZgDAMXEUA,EUW1_7835350279,Pyke,True,5,1,8,UTILITY,1116
LOm25MFeOsX9AN3ckHy7tcOFypEiOQ0XKjM4hWCVFw8PM9S3qO1CqYLd_8JXG48XfXEFgZgDAMXEUA,EUW1_7835347457,Pyke,False,3,2,3,UTILITY,965
LOm25MFeOsX9AN3ckHy7tcOFypEiOQ0XKjM4hWCVFw8PM9S3qO1CqYLd_8JXG48XfXEFgZgDAMXEUA,EUW1_7835020075,Bard,True,1,1,13,UTILITY,1416
LOm25MFeOsX9AN3ckHy7tcOFypEiOQ0XKjM4hWCVFw8PM9S3qO1CqYLd_8JXG48XfXEFgZgDAMXEUA,EUW1_7835007531,Nami,True,0,0,0,UTILITY,69
LOm25MFeOsX9AN3ckHy7tcOFypEiOQ0XKjM4hWCVFw8PM9S3qO1CqYLd_8JXG48XfXEFgZgDAMXEUA,EUW1_7834956047,Nautilus,False,2,3,0,UTILITY,1160
LOm25MFeOsX9AN3ckHy7tcOFypEiOQ0XKjM4hWCVFw8PM9S3qO1CqYLd_8JXG48XfXEFgZgDAMXEUA,EUW1_7834919808,Nami,False,0,4,2,UTILITY,914
LOm25MFeOsX9AN3ckHy7tcOFypEiOQ0XKjM4hWCVFw8PM9S3qO1CqYLd_8JXG48XfXEFgZgDAMXEUA,EUW1_7834808366,Nami,False,0,1,1,UTILITY,909
LOm25MFeOsX9AN3ckHy7tcOFypEiOQ0XKjM4hWCVFw8PM9S3qO1CqYLd_8JXG48XfXEFgZgDAMXEUA,EUW1_7834765182,Nami,True,0,3,9,UTILITY,1382
LOm25MFeOsX9AN3ckHy7tcOFypEiOQ0XKjM4hWCVFw8PM9S3qO1CqYLd_8JXG48XfXEFgZgDAMXEUA,EUW1_7834709390,Yuumi,False,1,3,6,UTILITY,1708
LOm25MFeOsX9AN3ckHy7tcOFypEiOQ0XKjM4hWCVFw8PM9S3qO1CqYLd_8JXG48XfXEFgZgDAMXEUA,EUW1_7834673714,Yuumi,False,0,7,13,UTILITY,1383
LOm25MFeOsX9AN3ckHy7tcOFypEiOQ0XKjM4hWCVFw8PM9S3qO1CqYLd_8JXG48XfXEFgZgDAMXEUA,EUW1_7834606326,Bard,True,4,2,14,UTILITY,1738
LOm25MFeOsX9AN3ckHy7tcOFypEiOQ0XKjM4hWCVFw8PM9S3qO1CqYLd_8JXG48XfXEFgZgDAMXEUA,EUW1_7834551095,Bard,True,8,4,16,UTILITY,1788
LOm25MFeOsX9AN3ckHy7tcOFypEiOQ0XKjM4hWCVFw8PM9S3qO1CqYLd_8JXG48XfXEFgZgDAMXEUA,EUW1_7834517950,Bard,False,3,3,20,UTILITY,1828
LOm25MFeOsX9AN3ckHy7tcOFypEiOQ0XKjM4hWCVFw8PM9S3qO1CqYLd_8JXG48XfXEFgZgDAMXEUA,EUW1_7834496582,Bard,True,2,1,12,UTILITY,1224
LOm25MFeOsX9AN3ckHy7tcOFypEiOQ0XKjM4hWCVFw8PM9S3qO1CqYLd_8JXG48XfXEFgZgDAMXEUA,EUW1_7834462466,Bard,False,8,11,9,UTILITY,1898
LOm25MFeOsX9AN3ckHy7tcOFypEiOQ0XKjM4hWCVFw8PM9S3qO1CqYLd_8JXG48XfXEFgZgDAMXEUA,EUW1_7834433062,Bard,False,0,4,5,UTILITY,1268
LOm25MFeOsX9AN3ckHy7tcOFypEiOQ0XKjM4hWCVFw8PM9S3qO1CqYLd_8JXG48XfXEFgZgDAMXEUA,EUW1_7834376057,Bard,True,2,1,13,UTILITY,1189
LOm25MFeOsX9AN3ckHy7tcOFypEiOQ0XKjM4hWCVFw8PM9S3qO1CqYLd_8JXG48XfXEFgZgDAMXEUA,EUW1_7834354483,Nautilus,True,4,3,12,UTILITY,1787
LOm25MFeOsX9AN3ckHy7tcOFypEiOQ0XKjM4hWCVFw8PM9S3qO1CqYLd_8JXG48XfXEFgZgDAMXEUA,EUW1_7834166298,Bard,True,2,3,18,UTILITY,1462
LOm25MFeOsX9AN3ckHy7tcOFypEiOQ0XKjM4hWCVFw8PM9S3qO1CqYLd_8JXG48XfXEFgZgDAMXEUA,EUW1_7834150714,Nautilus,False,2,5,20,UTILITY,2270
LOm25MFeOsX9AN3ckHy7tcOFypEiOQ0XKjM4hWCVFw8PM9S3qO1CqYLd_8JXG48XfXEFgZgDAMXEUA,EUW1_7834123921,Nautilus,False,3,11,17,UTILITY,2157
LOm25MFeOsX9AN3ckHy7tcOFypEiOQ0XKjM4hWCVFw8PM9S3qO1CqYLd_8JXG48XfXEFgZgDAMXEUA,EUW1_7834088158,Malzahar,False,7,2,4,MIDDLE,1654
LOm25MFeOsX9AN3ckHy7tcOFypEiOQ0XKjM4hWCVFw8PM9S3qO1CqYLd_8JXG48XfXEFgZgDAMXEUA,EUW1_7833815914,Yuumi,True,2,0,19,UTILITY,1283
LOm25MFeOsX9AN3ckHy7tcOFypEiOQ0XKjM4hWCVFw8PM9S3qO1CqYLd_8JXG48XfXEFgZgDAMXEUA,EUW1_7833755027,Braum,False,0,5,3,UTILITY,2005
LOm25MFeOsX9AN3ckHy7tcOFypEiOQ0XKjM4hWCVFw8PM9S3qO1CqYLd_8JXG48XfXEFgZgDAMXEUA,EUW1_7833691872,Pyke,True,3,6,14,UTILITY,2052
LOm25MFeOsX9AN3ckHy7tcOFypEiOQ0XKjM4hWCVFw8PM9S3qO1CqYLd_8JXG48XfXEFgZgDAMXEUA,EUW1_7833639593,Pyke,False,2,9,9,UTILITY,1811
LOm25MFeOsX9AN3ckHy7tcOFypEiOQ0XKjM4hWCVFw8PM9S3qO1CqYLd_8JXG48XfXEFgZgDAMXEUA,EUW1_7833596908,Lulu,True,2,6,15,UTILITY,1517
LOm25MFeOsX9AN3ckHy7tcOFypEiOQ0XKjM4hWCVFw8PM9S3qO1CqYLd_8JXG48XfXEFgZgDAMXEUA,EUW1_7833560821,Lulu,False,0,7,5,UTILITY,1399
LOm25MFeOsX9AN3ckHy7tcOFypEiOQ0XKjM4hWCVFw8PM9S3qO1CqYLd_8JXG48XfXEFgZgDAMXEUA,EUW1_7833504168,Nautilus,True,3,5,12,UTILITY,1438
LOm25MFeOsX9AN3ckHy7tcOFypEiOQ0XKjM4hWCVFw8PM9S3qO1CqYLd_8JXG48XfXEFgZgDAMXEUA,EUW1_7833460766,Poppy,False,0,10,8,UTILITY,1809
LOm25MFeOsX9AN3ckHy7tcOFypEiOQ0XKjM4hWCVFw8PM9S3qO1CqYLd_8JXG48XfXEFgZgDAMXEUA,EUW1_7833420266,Bard,False,0,8,17,UTILITY,1367
LOm25MFeOsX9AN3ckHy7tcOFypEiOQ0XKjM4hWCVFw8PM9S3qO1CqYLd_8JXG48XfXEFgZgDAMXEUA,EUW1_7833393590,Pyke,True,5,2,11,UTILITY,1420
LOm25MFeOsX9AN3ckHy7tcOFypEiOQ0XKjM4hWCVFw8PM9S3qO1CqYLd_8JXG48XfXEFgZgDAMXEUA,EUW1_7833363471,Pyke,False,4,5,3,UTILITY,1281
LOm25MFeOsX9AN3ckHy7tcOFypEiOQ0XKjM4hWCVFw8PM9S3qO1CqYLd_8JXG48XfXEFgZgDAMXEUA,EUW1_7833317090,Nami,True,3,2,16,UTILITY,1573
LOm25MFeOsX9AN3ckHy7tcOFypEiOQ0XKjM4hWCVFw8PM9S3qO1CqYLd_8JXG48XfXEFgZgDAMXEUA,EUW1_7833275280,Pyke,True,9,2,6,UTILITY,1736
LOm25MFeOsX9AN3ckHy7tcOFypEiOQ0XKjM4hWCVFw8PM9S3qO1CqYLd_8JXG48XfXEFgZgDAMXEUA,EUW1_7833238534,Pyke,False,3,11,14,UTILITY,2184
LOm25MFeOsX9AN3ckHy7tcOFypEiOQ0XKjM4hWCVFw8PM9S3qO1CqYLd_8JXG48XfXEFgZgDAMXEUA,EUW1_7832954876,Nami,True,2,9,21,UTILITY,1988
LOm25MFeOsX9AN3ckHy7tcOFypEiOQ0XKjM4hWCVFw8PM9S3qO1CqYLd_8JXG48XfXEFgZgDAMXEUA,EUW1_7832915846,Malphite,True,0,4,6,TOP,1904
LOm25MFeOsX9AN3ckHy7tcOFypEiOQ0XKjM4hWCVFw8PM9S3qO1CqYLd_8JXG48XfXEFgZgDAMXEUA,EUW1_7832874852,Pyke,True,5,4,18,UTILITY,2005
LOm25MFeOsX9AN3ckHy7tcOFypEiOQ0XKjM4hWCVFw8PM9S3qO1CqYLd_8JXG48XfXEFgZgDAMXEUA,EUW1_7832830979,Pyke,False,1,11,1,UTILITY,1392
63sQ17tz51aEX8rvSeRFOeCF7aKLPt6fymhkqgsaVRkJcqw9X0Ntchm_5RBDtAyH9EuPDbBZkN40fA,EUW1_7897682602,Nautilus,True,2,6,18,UTILITY,1675
63sQ17tz51aEX8rvSeRFOeCF7aKLPt6fymhkqgsaVRkJcqw9X0Ntchm_5RBDtAyH9EuPDbBZkN40fA,EUW1_7897005809,Nautilus,True,3,6,12,UTILITY,1935
63sQ17tz51aEX8rvSeRFOeCF7aKLPt6fymhkqgsaVRkJcqw9X0Ntchm_5RBDtAyH9EuPDbBZkN40fA,EUW1_7893836132,Nautilus,True,4,3,9,UTILITY,1442
63sQ17tz51aEX8rvSeRFOeCF7aKLPt6fymhkqgsaVRkJcqw9X0Ntchm_5RBDtAyH9EuPDbBZkN40fA,EUW1_7892810006,Nautilus,True,2,4,11,UTILITY,1634
63sQ17tz51aEX8rvSeRFOeCF7aKLPt6fymhkqgsaVRkJcqw9X0Ntchm_5RBDtAyH9EuPDbBZkN40fA,EUW1_7891783189,Nautilus,True,2,6,21,UTILITY,1487
63sQ17tz51aEX8rvSeRFOeCF7aKLPt6fymhkqgsaVRkJcqw9X0Ntchm_5RBDtAyH9EuPDbBZkN40fA,EUW1_7876566800,Nautilus,True,4,8,26,UTILITY,1776
63sQ17tz51aEX8rvSeRFOeCF7aKLPt6fymhkqgsaVRkJcqw9X0Ntchm_5RBDtAyH9EuPDbBZkN40fA,EUW1_7875524709,Nautilus,True,4,1,20,UTILITY,1729
63sQ17tz51aEX8rvSeRFOeCF7aKLPt6fymhkqgsaVRkJcqw9X0Ntchm_5RBDtAyH9EuPDbBZkN40fA,EUW1_7875459999,Nautilus,True,0,7,7,UTILITY,1864
63sQ17tz51aEX8rvSeRFOeCF7aKLPt6fymhkqgsaVRkJcqw9X0Ntchm_5RBDtAyH9EuPDbBZkN40fA,EUW1_7874520379,Nautilus,True,1,2,15,UTILITY,1412
63sQ17tz51aEX8rvSeRFOeCF7aKLPt6fymhkqgsaVRkJcqw9X0Ntchm_5RBDtAyH9EuPDbBZkN40fA,EUW1_7874464570,Nautilus,False,5,7,11,UTILITY,1955
63sQ17tz51aEX8rvSeRFOeCF7aKLPt6fymhkqgsaVRkJcqw9X0Ntchm_5RBDtAyH9EuPDbBZkN40fA,EUW1_7874386696,Nautilus,True,3,3,23,UTILITY,2242
63sQ17tz51aEX8rvSeRFOeCF7aKLPt6fymhkqgsaVRkJcqw9X0Ntchm_5RBDtAyH9EuPDbBZkN40fA,EUW1_7873524789,Nautilus,True,1,8,14,UTILITY,1574
63sQ17tz51aEX8rvSeRFOeCF7aKLPt6fymhkqgsaVRkJcqw9X0Ntchm_5RBDtAyH9EuPDbBZkN40fA,EUW1_7873477107,Pyke,False,5,6,8,UTILITY,1486
63sQ17tz51aEX8rvSeRFOeCF7aKLPt6fymhkqgsaVRkJcqw9X0Ntchm_5RBDtAyH9EuPDbBZkN40fA,EUW1_7873413705,Nautilus,False,1,13,21,UTILITY,1728
63sQ17tz51aEX8rvSeRFOeCF7aKLPt6fymhkqgsaVRkJcqw9X0Ntchm_5RBDtAyH9EuPDbBZkN40fA,EUW1_7873361717,Nautilus,False,2,4,8,UTILITY,1600
63sQ17tz51aEX8rvSeRFOeCF7aKLPt6fymhkqgsaVRkJcqw9X0Ntchm_5RBDtAyH9EuPDbBZkN40fA,EUW1_7872520399,Nautilus,True,3,5,20,UTILITY,1337
63sQ17tz51aEX8rvSeRFOeCF7aKLPt6fymhkqgsaVRkJcqw9X0Ntchm_5RBDtAyH9EuPDbBZkN40fA,EUW1_7872475888,Nautilus,False,1,8,15,UTILITY,1962
63sQ17tz51aEX8rvSeRFOeCF7aKLPt6fymhkqgsaVRkJcqw9X0Ntchm_5RBDtAyH9EuPDbBZkN40fA,EUW1_7872434485,Nautilus,True,0,2,7,UTILITY,1423
63sQ17tz51aEX8rvSeRFOeCF7aKLPt6fymhkqgsaVRkJcqw9X0Ntchm_5RBDtAyH9EuPDbBZkN40fA,EUW1_7872369430,Nautilus,True,0,7,9,UTILITY,1535
63sQ17tz51aEX8rvSeRFOeCF7aKLPt6fymhkqgsaVRkJcqw9X0Ntchm_5RBDtAyH9EuPDbBZkN40fA,EUW1_7872324091,Nautilus,True,1,2,12,UTILITY,1366
63sQ17tz51aEX8rvSeRFOeCF7aKLPt6fymhkqgsaVRkJcqw9X0Ntchm_5RBDtAyH9EuPDbBZkN40fA,EUW1_7871759299,Nautilus,False,0,10,4,UTILITY,1635
63sQ17tz51aEX8rvSeRFOeCF7aKLPt6fymhkqgsaVRkJcqw9X0Ntchm_5RBDtAyH9EuPDbBZkN40fA,EUW1_7871721424,Nautilus,False,3,10,23,UTILITY,1877
63sQ17tz51aEX8rvSeRFOeCF7aKLPt6fymhkqgsaVRkJcqw9X0Ntchm_5RBDtAyH9EuPDbBZkN40fA,EUW1_7871695752,Nautilus,False,3,7,9,UTILITY,1617
63sQ17tz51aEX8rvSeRFOeCF7aKLPt6fymhkqgsaVRkJcqw9X0Ntchm_5RBDtAyH9EuPDbBZkN40fA,EUW1_7871668499,Pyke,True,1,7,8,UTILITY,1266
63sQ17tz51aEX8rvSeRFOeCF7aKLPt6fymhkqgsaVRkJcqw9X0Ntchm_5RBDtAyH9EuPDbBZkN40fA,EUW1_7870717538,Nautilus,True,0,7,22,UTILITY,1579
63sQ17tz51aEX8rvSeRFOeCF7aKLPt6fymhkqgsaVRkJcqw9X0Ntchm_5RBDtAyH9EuPDbBZkN40fA,EUW1_7870688909,Nautilus,False,0,5,3,UTILITY,1183
63sQ17tz51aEX8rvSeRFOeCF7aKLPt6fymhkqgsaVRkJcqw9X0Ntchm_5RBDtAyH9EuPDbBZkN40fA,EUW1_7866846850,Nautilus,True,2,10,13,UTILITY,1897
63sQ17tz51aEX8rvSeRFOeCF7aKLPt6fymhkqgsaVRkJcqw9X0Ntchm_5RBDtAyH9EuPDbBZkN40fA,EUW1_7865513663,Nautilus,True,0,7,22,UTILITY,1807
63sQ17tz51aEX8rvSeRFOeCF7aKLPt6fymhkqgsaVRkJcqw9X0Ntchm_5RBDtAyH9EuPDbBZkN40fA,EUW1_7861532457,Nautilus,True,1,9,18,UTILITY,1970
63sQ17tz51aEX8rvSeRFOeCF7aKLPt6fymhkqgsaVRkJcqw9X0Ntchm_5RBDtAyH9EuPDbBZkN40fA,EUW1_7861475371,Pyke,False,5,12,7,UTILITY,1618
63sQ17tz51aEX8rvSeRFOeCF7aKLPt6fymhkqgsaVRkJcqw9X0Ntchm_5RBDtAyH9EuPDbBZkN40fA,EUW1_7860430378,Nautilus,True,4,6,25,UTILITY,2196
63sQ17tz51aEX8rvSeRFOeCF7aKLPt6fymhkqgsaVRkJcqw9X0Ntchm_5RBDtAyH9EuPDbBZkN40fA,EUW1_7843904167,Nautilus,True,4,2,20,UTILITY,1697
63sQ17tz51aEX8rvSeRFOeCF7aKLPt6fymhkqgsaVRkJcqw9X0Ntchm_5RBDtAyH9EuPDbBZkN40fA,EUW1_7843897796,Nautilus,False,0,0,0,UTILITY,158
63sQ17tz51aEX8rvSeRFOeCF7aKLPt6fymhkqgsaVRkJcqw9X0Ntchm_5RBDtAyH9EuPDbBZkN40fA,EUW1_7843806271,Pyke,True,8,8,6,UTILITY,1697
63sQ17tz51aEX8rvSeRFOeCF7aKLPt6fymhkqgsaVRkJcqw9X0Ntchm_5RBDtAyH9EuPDbBZkN40fA,EUW1_7842838144,Nautilus,True,0,11,16,UTILITY,1979
63sQ17tz51aEX8rvSeRFOeCF7aKLPt6fymhkqgsaVRkJcqw9X0Ntchm_5RBDtAyH9EuPDbBZkN40fA,EUW1_7842787620,Nautilus,False,0,8,7,UTILITY,1659
63sQ17tz51aEX8rvSeRFOeCF7aKLPt6fymhkqgsaVRkJcqw9X0Ntchm_5RBDtAyH9EuPDbBZkN40fA,EUW1_7841721766,Nautilus,False,1,6,9,UTILITY,1554
63sQ17tz51aEX8rvSeRFOeCF7aKLPt6fymhkqgsaVRkJcqw9X0Ntchm_5RBDtAyH9EuPDbBZkN40fA,EUW1_7841668015,Pyke,False,7,4,9,UTILITY,1943
63sQ17tz51aEX8rvSeRFOeCF7aKLPt6fymhkqgsaVRkJcqw9X0Ntchm_5RBDtAyH9EuPDbBZkN40fA,EUW1_7841166906,Nautilus,True,5,5,23,UTILITY,2072
63sQ17tz51aEX8rvSeRFOeCF7aKLPt6fymhkqgsaVRkJcqw9X0Ntchm_5RBDtAyH9EuPDbBZkN40fA,EUW1_7840381880,Nautilus,True,0,10,17,UTILITY,2338
63sQ17tz51aEX8rvSeRFOeCF7aKLPt6fymhkqgsaVRkJcqw9X0Ntchm_5RBDtAyH9EuPDbBZkN40fA,EUW1_7840282541,Nautilus,True,2,8,24,UTILITY,1663
63sQ17tz51aEX8rvSeRFOeCF7aKLPt6fymhkqgsaVRkJcqw9X0Ntchm_5RBDtAyH9EuPDbBZkN40fA,EUW1_7840138153,Nautilus,True,5,8,31,UTILITY,2334
63sQ17tz51aEX8rvSeRFOeCF7aKLPt6fymhkqgsaVRkJcqw9X0Ntchm_5RBDtAyH9EuPDbBZkN40fA,EUW1_7840090944,Nautilus,False,3,11,19,UTILITY,2116
63sQ17tz51aEX8rvSeRFOeCF7aKLPt6fymhkqgsaVRkJcqw9X0Ntchm_5RBDtAyH9EuPDbBZkN40fA,EUW1_7839273157,Pyke,True,10,6,11,UTILITY,1610
63sQ17tz51aEX8rvSeRFOeCF7aKLPt6fymhkqgsaVRkJcqw9X0Ntchm_5RBDtAyH9EuPDbBZkN40fA,EUW1_7838946049,Nautilus,True,3,7,21,UTILITY,1905
63sQ17tz51aEX8rvSeRFOeCF7aKLPt6fymhkqgsaVRkJcqw9X0Ntchm_5RBDtAyH9EuPDbBZkN40fA,EUW1_7838910474,Pyke,False,1,8,10,UTILITY,1733
63sQ17tz51aEX8rvSeRFOeCF7aKLPt6fymhkqgsaVRkJcqw9X0Ntchm_5RBDtAyH9EuPDbBZkN40fA,EUW1_7838856251,Nautilus,False,0,9,14,UTILITY,1967
63sQ17tz51aEX8rvSeRFOeCF7aKLPt6fymhkqgsaVRkJcqw9X0Ntchm_5RBDtAyH9EuPDbBZkN40fA,EUW1_7837021020,Nautilus,True,0,3,14,UTILITY,1245
63sQ17tz51aEX8rvSeRFOeCF7aKLPt6fymhkqgsaVRkJcqw9X0Ntchm_5RBDtAyH9EuPDbBZkN40fA,EUW1_7836906972,Pyke,False,1,13,11,UTILITY,1603
JOu_aC0hRNOihrLdxiKNtdTJnO7aKcxgWRoTej6M3x4TDlwkxcqvI1oNamJ0AFWuMog0tv_NOcp5aA,EUW1_7885950636,Nocturne,True,7,3,7,JUNGLE,1197
JOu_aC0hRNOihrLdxiKNtdTJnO7aKcxgWRoTej6M3x4TDlwkxcqvI1oNamJ0AFWuMog0tv_NOcp5aA,EUW1_7885929296,Nocturne,True,2,0,1,JUNGLE,432
JOu_aC0hRNOihrLdxiKNtdTJnO7aKcxgWRoTej6M3x4TDlwkxcqvI1oNamJ0AFWuMog0tv_NOcp5aA,EUW1_7872037040,Nunu,False,19,6,18,JUNGLE,2113
JOu_aC0hRNOihrLdxiKNtdTJnO7aKcxgWRoTej6M3x4TDlwkxcqvI1oNamJ0AFWuMog0tv_NOcp5aA,EUW1_7861933849,Bard,False,1,7,21,UTILITY,1900
JOu_aC0hRNOihrLdxiKNtdTJnO7aKcxgWRoTej6M3x4TDlwkxcqvI1oNamJ0AFWuMog0tv_NOcp5aA,EUW1_7840869361,Lillia,False,1,5,3,JUNGLE,1378
JOu_aC0hRNOihrLdxiKNtdTJnO7aKcxgWRoTej6M3x4TDlwkxcqvI1oNamJ0AFWuMog0tv_NOcp5aA,EUW1_7840832858,Zac,False,4,5,11,JUNGLE,1685
JOu_aC0hRNOihrLdxiKNtdTJnO7aKcxgWRoTej6M3x4TDlwkxcqvI1oNamJ0AFWuMog0tv_NOcp5aA,EUW1_7840806532,Nocturne,True,11,1,10,JUNGLE,1556
JOu_aC0hRNOihrLdxiKNtdTJnO7aKcxgWRoTej6M3x4TDlwkxcqvI1oNamJ0AFWuMog0tv_NOcp5aA,EUW1_7840301319,Nocturne,False,10,7,10,JUNGLE,2311
JOu_aC0hRNOihrLdxiKNtdTJnO7aKcxgWRoTej6M3x4TDlwkxcqvI1oNamJ0AFWuMog0tv_NOcp5aA,EUW1_7840247402,Nocturne,False,8,6,5,JUNGLE,1865
JOu_aC0hRNOihrLdxiKNtdTJnO7aKcxgWRoTej6M3x4TDlwkxcqvI1oNamJ0AFWuMog0tv_NOcp5aA,EUW1_7839980225,JarvanIV,False,8,6,12,JUNGLE,2045
JOu_aC0hRNOihrLdxiKNtdTJnO7aKcxgWRoTej6M3x4TDlwkxcqvI1oNamJ0AFWuMog0tv_NOcp5aA,EUW1_7837689712,Nocturne,False,1,3,8,JUNGLE,1632
JOu_aC0hRNOihrLdxiKNtdTJnO7aKcxgWRoTej6M3x4TDlwkxcqvI1oNamJ0AFWuMog0tv_NOcp5aA,EUW1_7833454636,Zac,False,1,2,21,JUNGLE,1787
JOu_aC0hRNOihrLdxiKNtdTJnO7aKcxgWRoTej6M3x4TDlwkxcqvI1oNamJ0AFWuMog0tv_NOcp5aA,EUW1_7833409527,Nocturne,False,7,6,4,JUNGLE,1665
JOu_aC0hRNOihrLdxiKNtdTJnO7aKcxgWRoTej6M3x4TDlwkxcqvI1oNamJ0AFWuMog0tv_NOcp5aA,EUW1_7833369894,Nocturne,True,6,4,8,JUNGLE,1538
JOu_aC0hRNOihrLdxiKNtdTJnO7aKcxgWRoTej6M3x4TDlwkxcqvI1oNamJ0AFWuMog0tv_NOcp5aA,EUW1_7833327814,Nocturne,True,12,7,17,JUNGLE,1920
JOu_aC0hRNOihrLdxiKNtdTJnO7aKcxgWRoTej6M3x4TDlwkxcqvI1oNamJ0AFWuMog0tv_NOcp5aA,EUW1_7824472993,Nocturne,True,12,2,8,JUNGLE,1358
JOu_aC0hRNOihrLdxiKNtdTJnO7aKcxgWRoTej6M3x4TDlwkxcqvI1oNamJ0AFWuMog0tv_NOcp5aA,EUW1_7824449856,Zaahen,False,1,3,1,JUNGLE,1279
JOu_aC0hRNOihrLdxiKNtdTJnO7aKcxgWRoTej6M3x4TDlwkxcqvI1oNamJ0AFWuMog0tv_NOcp5aA,EUW1_7818224527,Nunu,True,5,2,15,JUNGLE,1597
JOu_aC0hRNOihrLdxiKNtdTJnO7aKcxgWRoTej6M3x4TDlwkxcqvI1oNamJ0AFWuMog0tv_NOcp5aA,EUW1_7818177148,Gwen,False,3,9,9,JUNGLE,1915
JOu_aC0hRNOihrLdxiKNtdTJnO7aKcxgWRoTej6M3x4TDlwkxcqvI1oNamJ0AFWuMog0tv_NOcp5aA,EUW1_7818140279,Nocturne,False,8,7,9,JUNGLE,1650
JOu_aC0hRNOihrLdxiKNtdTJnO7aKcxgWRoTej6M3x4TDlwkxcqvI1oNamJ0AFWuMog0tv_NOcp5aA,EUW1_7817401971,Zaahen,True,8,9,12,JUNGLE,2045
JOu_aC0hRNOihrLdxiKNtdTJnO7aKcxgWRoTej6M3x4TDlwkxcqvI1oNamJ0AFWuMog0tv_NOcp5aA,EUW1_7817370470,Zaahen,True,10,2,9,JUNGLE,1583
JOu_aC0hRNOihrLdxiKNtdTJnO7aKcxgWRoTej6M3x4TDlwkxcqvI1oNamJ0AFWuMog0tv_NOcp5aA,EUW1_7817325567,Nocturne,False,6,6,9,JUNGLE,2005
JOu_aC0hRNOihrLdxiKNtdTJnO7aKcxgWRoTej6M3x4TDlwkxcqvI1oNamJ0AFWuMog0tv_NOcp5aA,EUW1_7812376471,Nocturne,False,2,7,4,JUNGLE,1939
JOu_aC0hRNOihrLdxiKNtdTJnO7aKcxgWRoTej6M3x4TDlwkxcqvI1oNamJ0AFWuMog0tv_NOcp5aA,EUW1_7812320956,Nocturne,True,16,6,8,JUNGLE,2005
JOu_aC0hRNOihrLdxiKNtdTJnO7aKcxgWRoTej6M3x4TDlwkxcqvI1oNamJ0AFWuMog0tv_NOcp5aA,EUW1_7812271012,Nocturne,False,11,4,10,JUNGLE,1836
JOu_aC0hRNOihrLdxiKNtdTJnO7aKcxgWRoTej6M3x4TDlwkxcqvI1oNamJ0AFWuMog0tv_NOcp5aA,EUW1_7812059169,Nocturne,False,5,4,8,JUNGLE,2140
JOu_aC0hRNOihrLdxiKNtdTJnO7aKcxgWRoTej6M3x4TDlwkxcqvI1oNamJ0AFWuMog0tv_NOcp5aA,EUW1_7812030860,Nocturne,True,11,6,9,JUNGLE,1514
JOu_aC0hRNOihrLdxiKNtdTJnO7aKcxgWRoTej6M3x4TDlwkxcqvI1oNamJ0AFWuMog0tv_NOcp5aA,EUW1_7811996235,Nocturne,True,11,1,15,JUNGLE,1504
JOu_aC0hRNOihrLdxiKNtdTJnO7aKcxgWRoTej6M3x4TDlwkxcqvI1oNamJ0AFWuMog0tv_NOcp5aA,EUW1_7811971978,Nocturne,True,8,4,8,JUNGLE,1395
JOu_aC0hRNOihrLdxiKNtdTJnO7aKcxgWRoTej6M3x4TDlwkxcqvI1oNamJ0AFWuMog0tv_NOcp5aA,EUW1_7808862113,Nocturne,False,6,8,10,JUNGLE,2002
JOu_aC0hRNOihrLdxiKNtdTJnO7aKcxgWRoTej6M3x4TDlwkxcqvI1oNamJ0AFWuMog0tv_NOcp5aA,EUW1_7808818476,JarvanIV,True,5,6,7,JUNGLE,1669
JOu_aC0hRNOihrLdxiKNtdTJnO7aKcxgWRoTej6M3x4TDlwkxcqvI1oNamJ0AFWuMog0tv_NOcp5aA,EUW1_7808772124,Nocturne,False,4,5,7,JUNGLE,1619
JOu_aC0hRNOihrLdxiKNtdTJnO7aKcxgWRoTej6M3x4TDlwkxcqvI1oNamJ0AFWuMog0tv_NOcp5aA,EUW1_7808722924,Nocturne,True,10,4,14,JUNGLE,2295
JOu_aC0hRNOihrLdxiKNtdTJnO7aKcxgWRoTej6M3x4TDlwkxcqvI1oNamJ0AFWuMog0tv_NOcp5aA,EUW1_7806697372,Nocturne,True,9,2,10,JUNGLE,2019
JOu_aC0hRNOihrLdxiKNtdTJnO7aKcxgWRoTej6M3x4TDlwkxcqvI1oNamJ0AFWuMog0tv_NOcp5aA,EUW1_7806645427,Nocturne,True,9,1,12,JUNGLE,1809
JOu_aC0hRNOihrLdxiKNtdTJnO7aKcxgWRoTej6M3x4TDlwkxcqvI1oNamJ0AFWuMog0tv_NOcp5aA,EUW1_7806611609,Nunu,False,7,6,5,JUNGLE,1624
JOu_aC0hRNOihrLdxiKNtdTJnO7aKcxgWRoTej6M3x4TDlwkxcqvI1oNamJ0AFWuMog0tv_NOcp5aA,EUW1_7806567867,Nocturne,False,7,7,14,JUNGLE,1816
JOu_aC0hRNOihrLdxiKNtdTJnO7aKcxgWRoTej6M3x4TDlwkxcqvI1oNamJ0AFWuMog0tv_NOcp5aA,EUW1_7806461066,Nocturne,True,7,4,15,JUNGLE,2093
JOu_aC0hRNOihrLdxiKNtdTJnO7aKcxgWRoTej6M3x4TDlwkxcqvI1oNamJ0AFWuMog0tv_NOcp5aA,EUW1_7806432526,Nocturne,True,12,3,10,JUNGLE,1466
JOu_aC0hRNOihrLdxiKNtdTJnO7aKcxgWRoTej6M3x4TDlwkxcqvI1oNamJ0AFWuMog0tv_NOcp5aA,EUW1_7806361557,MasterYi,False,8,8,2,JUNGLE,1869
JOu_aC0hRNOihrLdxiKNtdTJnO7aKcxgWRoTej6M3x4TDlwkxcqvI1oNamJ0AFWuMog0tv_NOcp5aA,EUW1_7806325105,Nocturne,False,7,9,5,JUNGLE,1950
JOu_aC0hRNOihrLdxiKNtdTJnO7aKcxgWRoTej6M3x4TDlwkxcqvI1oNamJ0AFWuMog0tv_NOcp5aA,EUW1_7806305944,Nocturne,True,6,0,9,JUNGLE,1452
JOu_aC0hRNOihrLdxiKNtdTJnO7aKcxgWRoTej6M3x4TDlwkxcqvI1oNamJ0AFWuMog0tv_NOcp5aA,EUW1_7806274773,Alistar,True,0,10,22,UTILITY,2268
JOu_aC0hRNOihrLdxiKNtdTJnO7aKcxgWRoTej6M3x4TDlwkxcqvI1oNamJ0AFWuMog0tv_NOcp5aA,EUW1_7803679659,Nocturne,False,6,6,10,JUNGLE,1938
JOu_aC0hRNOihrLdxiKNtdTJnO7aKcxgWRoTej6M3x4TDlwkxcqvI1oNamJ0AFWuMog0tv_NOcp5aA,EUW1_7803591489,Nocturne,False,10,10,13,JUNGLE,2663
JOu_aC0hRNOihrLdxiKNtdTJnO7aKcxgWRoTej6M3x4TDlwkxcqvI1oNamJ0AFWuMog0tv_NOcp5aA,EUW1_7803482112,Nocturne,True,12,7,8,JUNGLE,2375
JOu_aC0hRNOihrLdxiKNtdTJnO7aKcxgWRoTej6M3x4TDlwkxcqvI1oNamJ0AFWuMog0tv_NOcp5aA,EUW1_7803432372,Nocturne,False,2,6,2,JUNGLE,1502
JOu_aC0hRNOihrLdxiKNtdTJnO7aKcxgWRoTej6M3x4TDlwkxcqvI1oNamJ0AFWuMog0tv_NOcp5aA,EUW1_7803373014,Nocturne,True,9,8,25,JUNGLE,2284
JOu_aC0hRNOihrLdxiKNtdTJnO7aKcxgWRoTej6M3x4TDlwkxcqvI1oNamJ0AFWuMog0tv_NOcp5aA,EUW1_7803307333,Nocturne,True,10,3,16,JUNGLE,2123
EPR5kSY90avOTCzh7Og_Jm2wP4gyp-br56DhdeiHDX5wJ59sZwZ-yK3gldZzzgi9R9dCAUMKcCC6XQ,EUW1_7873889661,Senna,True,8,2,12,BOTTOM,1381
EPR5kSY90avOTCzh7Og_Jm2wP4gyp-br56DhdeiHDX5wJ59sZwZ-yK3gldZzzgi9R9dCAUMKcCC6XQ,EUW1_7862075925,Ashe,False,6,8,9,BOTTOM,1765
EPR5kSY90avOTCzh7Og_Jm2wP4gyp-br56DhdeiHDX5wJ59sZwZ-yK3gldZzzgi9R9dCAUMKcCC6XQ,EUW1_7862030023,Aphelios,False,4,10,1,BOTTOM,1917
EPR5kSY90avOTCzh7Og_Jm2wP4gyp-br56DhdeiHDX5wJ59sZwZ-yK3gldZzzgi9R9dCAUMKcCC6XQ,EUW1_7862012444,Senna,False,0,4,2,BOTTOM,962
EPR5kSY90avOTCzh7Og_Jm2wP4gyp-br56DhdeiHDX5wJ59sZwZ-yK3gldZzzgi9R9dCAUMKcCC6XQ,EUW1_7861991682,Varus,True,7,9,11,BOTTOM,2014
EPR5kSY90avOTCzh7Og_Jm2wP4gyp-br56DhdeiHDX5wJ59sZwZ-yK3gldZzzgi9R9dCAUMKcCC6XQ,EUW1_7861954122,Viego,False,6,9,9,JUNGLE,1642
EPR5kSY90avOTCzh7Og_Jm2wP4gyp-br56DhdeiHDX5wJ59sZwZ-yK3gldZzzgi9R9dCAUMKcCC6XQ,EUW1_7861935846,Caitlyn,True,20,3,10,BOTTOM,1718
EPR5kSY90avOTCzh7Og_Jm2wP4gyp-br56DhdeiHDX5wJ59sZwZ-yK3gldZzzgi9R9dCAUMKcCC6XQ,EUW1_7861224758,Smolder,True,2,6,14,BOTTOM,1625
EPR5kSY90avOTCzh7Og_Jm2wP4gyp-br56DhdeiHDX5wJ59sZwZ-yK3gldZzzgi9R9dCAUMKcCC6XQ,EUW1_7861185056,Ashe,True,2,4,10,BOTTOM,1690
EPR5kSY90avOTCzh7Og_Jm2wP4gyp-br56DhdeiHDX5wJ59sZwZ-yK3gldZzzgi9R9dCAUMKcCC6XQ,EUW1_7861115328,Ashe,False,7,9,12,BOTTOM,2084
EPR5kSY90avOTCzh7Og_Jm2wP4gyp-br56DhdeiHDX5wJ59sZwZ-yK3gldZzzgi9R9dCAUMKcCC6XQ,EUW1_7861054719,Ashe,False,12,6,6,BOTTOM,1592
EPR5kSY90avOTCzh7Og_Jm2wP4gyp-br56DhdeiHDX5wJ59sZwZ-yK3gldZzzgi9R9dCAUMKcCC6XQ,EUW1_7861015347,Varus,False,6,10,4,BOTTOM,1657
EPR5kSY90avOTCzh7Og_Jm2wP4gyp-br56DhdeiHDX5wJ59sZwZ-yK3gldZzzgi9R9dCAUMKcCC6XQ,EUW1_7860988933,Kennen,False,11,6,11,TOP,2087
EPR5kSY90avOTCzh7Og_Jm2wP4gyp-br56DhdeiHDX5wJ59sZwZ-yK3gldZzzgi9R9dCAUMKcCC6XQ,EUW1_7860960866,Smolder,True,7,3,6,BOTTOM,1567
EPR5kSY90avOTCzh7Og_Jm2wP4gyp-br56DhdeiHDX5wJ59sZwZ-yK3gldZzzgi9R9dCAUMKcCC6XQ,EUW1_7860930008,Varus,False,11,8,3,BOTTOM,1809
EPR5kSY90avOTCzh7Og_Jm2wP4gyp-br56DhdeiHDX5wJ59sZwZ-yK3gldZzzgi9R9dCAUMKcCC6XQ,EUW1_7860011750,Seraphine,False,3,14,18,UTILITY,1987
EPR5kSY90avOTCzh7Og_Jm2wP4gyp-br56DhdeiHDX5wJ59sZwZ-yK3gldZzzgi9R9dCAUMKcCC6XQ,EUW1_7859156732,Ashe,True,3,1,8,BOTTOM,910
EPR5kSY90avOTCzh7Og_Jm2wP4gyp-br56DhdeiHDX5wJ59sZwZ-yK3gldZzzgi9R9dCAUMKcCC6XQ,EUW1_7830067018,JarvanIV,False,2,6,7,JUNGLE,1720
EPR5kSY90avOTCzh7Og_Jm2wP4gyp-br56DhdeiHDX5wJ59sZwZ-yK3gldZzzgi9R9dCAUMKcCC6XQ,EUW1_7830043968,Ashe,False,4,12,6,BOTTOM,1764
EPR5kSY90avOTCzh7Og_Jm2wP4gyp-br56DhdeiHDX5wJ59sZwZ-yK3gldZzzgi9R9dCAUMKcCC6XQ,EUW1_7829999788,Viego,True,9,8,20,JUNGLE,2127
EPR5kSY90avOTCzh7Og_Jm2wP4gyp-br56DhdeiHDX5wJ59sZwZ-yK3gldZzzgi9R9dCAUMKcCC6XQ,EUW1_7829951447,Ashe,False,0,3,0,BOTTOM,1016
EPR5kSY90avOTCzh7Og_Jm2wP4gyp-br56DhdeiHDX5wJ59sZwZ-yK3gldZzzgi9R9dCAUMKcCC6XQ,EUW1_7823565202,Viego,False,6,7,8,JUNGLE,1747
EPR5kSY90avOTCzh7Og_Jm2wP4gyp-br56DhdeiHDX5wJ59sZwZ-yK3gldZzzgi9R9dCAUMKcCC6XQ,EUW1_7823523204,Ashe,False,7,10,6,BOTTOM,1917
EPR5kSY90avOTCzh7Og_Jm2wP4gyp-br56DhdeiHDX5wJ59sZwZ-yK3gldZzzgi9R9dCAUMKcCC6XQ,EUW1_7823470190,Ashe,False,2,10,7,BOTTOM,1764
EPR5kSY90avOTCzh7Og_Jm2wP4gyp-br56DhdeiHDX5wJ59sZwZ-yK3gldZzzgi9R9dCAUMKcCC6XQ,EUW1_7823404940,Ashe,False,11,4,4,BOTTOM,1221
EPR5kSY90avOTCzh7Og_Jm2wP4gyp-br56DhdeiHDX5wJ59sZwZ-yK3gldZzzgi9R9dCAUMKcCC6XQ,EUW1_7823366905,Ashe,True,9,9,16,BOTTOM,2158
EPR5kSY90avOTCzh7Og_Jm2wP4gyp-br56DhdeiHDX5wJ59sZwZ-yK3gldZzzgi9R9dCAUMKcCC6XQ,EUW1_7823322801,Nami,False,0,10,24,UTILITY,1692
EPR5kSY90avOTCzh7Og_Jm2wP4gyp-br56DhdeiHDX5wJ59sZwZ-yK3gldZzzgi9R9dCAUMKcCC6XQ,EUW1_7823260240,Ashe,False,14,11,10,BOTTOM,1905
EPR5kSY90avOTCzh7Og_Jm2wP4gyp-br56DhdeiHDX5wJ59sZwZ-yK3gldZzzgi9R9dCAUMKcCC6XQ,EUW1_7818527969,Ashe,False,5,9,11,BOTTOM,1791
EPR5kSY90avOTCzh7Og_Jm2wP4gyp-br56DhdeiHDX5wJ59sZwZ-yK3gldZzzgi9R9dCAUMKcCC6XQ,EUW1_7815005914,Aphelios,True,4,9,6,BOTTOM,1620
EPR5kSY90avOTCzh7Og_Jm2wP4gyp-br56DhdeiHDX5wJ59sZwZ-yK3gldZzzgi9R9dCAUMKcCC6XQ,EUW1_7814980667,Ashe,False,0,8,9,BOTTOM,1920
EPR5kSY90avOTCzh7Og_Jm2wP4gyp-br56DhdeiHDX5wJ59sZwZ-yK3gldZzzgi9R9dCAUMKcCC6XQ,EUW1_7813151739,Ashe,True,15,3,15,BOTTOM,1777
EPR5kSY90avOTCzh7Og_Jm2wP4gyp-br56DhdeiHDX5wJ59sZwZ-yK3gldZzzgi9R9dCAUMKcCC6XQ,EUW1_7812928091,Nocturne,True,3,8,10,JUNGLE,1828
EPR5kSY90avOTCzh7Og_Jm2wP4gyp-br56DhdeiHDX5wJ59sZwZ-yK3gldZzzgi9R9dCAUMKcCC6XQ,EUW1_7812924977,Nocturne,False,0,0,0,JUNGLE,218
EPR5kSY90avOTCzh7Og_Jm2wP4gyp-br56DhdeiHDX5wJ59sZwZ-yK3gldZzzgi9R9dCAUMKcCC6XQ,EUW1_7805247045,Jhin,True,16,4,13,BOTTOM,1545
EPR5kSY90avOTCzh7Og_Jm2wP4gyp-br56DhdeiHDX5wJ59sZwZ-yK3gldZzzgi9R9dCAUMKcCC6XQ,EUW1_7804360329,Caitlyn,False,21,7,15,BOTTOM,2681
EPR5kSY90avOTCzh7Og_Jm2wP4gyp-br56DhdeiHDX5wJ59sZwZ-yK3gldZzzgi9R9dCAUMKcCC6XQ,EUW1_7804327373,Caitlyn,True,4,3,6,BOTTOM,929
EPR5kSY90avOTCzh7Og_Jm2wP4gyp-br56DhdeiHDX5wJ59sZwZ-yK3gldZzzgi9R9dCAUMKcCC6XQ,EUW1_7804174439,Caitlyn,False,7,10,7,BOTTOM,2272
EPR5kSY90avOTCzh7Og_Jm2wP4gyp-br56DhdeiHDX5wJ59sZwZ-yK3gldZzzgi9R9dCAUMKcCC6XQ,EUW1_7804155916,Caitlyn,False,7,8,15,BOTTOM,2128
EPR5kSY90avOTCzh7Og_Jm2wP4gyp-br56DhdeiHDX5wJ59sZwZ-yK3gldZzzgi9R9dCAUMKcCC6XQ,EUW1_7799625187,Viktor,False,4,7,9,MIDDLE,1849
EPR5kSY90avOTCzh7Og_Jm2wP4gyp-br56DhdeiHDX5wJ59sZwZ-yK3gldZzzgi9R9dCAUMKcCC6XQ,EUW1_7799577827,Caitlyn,False,4,8,3,BOTTOM,1591
EPR5kSY90avOTCzh7Og_Jm2wP4gyp-br56DhdeiHDX5wJ59sZwZ-yK3gldZzzgi9R9dCAUMKcCC6XQ,EUW1_7799421103,Jhin,False,4,7,11,BOTTOM,2008
EPR5kSY90avOTCzh7Og_Jm2wP4gyp-br56DhdeiHDX5wJ59sZwZ-yK3gldZzzgi9R9dCAUMKcCC6XQ,EUW1_7799386645,Jhin,False,3,3,9,BOTTOM,1605
EPR5kSY90avOTCzh7Og_Jm2wP4gyp-br56DhdeiHDX5wJ59sZwZ-yK3gldZzzgi9R9dCAUMKcCC6XQ,EUW1_7799345084,Caitlyn,False,1,10,4,BOTTOM,1947
EPR5kSY90avOTCzh7Og_Jm2wP4gyp-br56DhdeiHDX5wJ59sZwZ-yK3gldZzzgi9R9dCAUMKcCC6XQ,EUW1_7799325603,Ashe,False,6,3,5,BOTTOM,1194
EPR5kSY90avOTCzh7Og_Jm2wP4gyp-br56DhdeiHDX5wJ59sZwZ-yK3gldZzzgi9R9dCAUMKcCC6XQ,EUW1_7797901566,Xayah,True,7,6,7,BOTTOM,1821
EPR5kSY90avOTCzh7Og_Jm2wP4gyp-br56DhdeiHDX5wJ59sZwZ-yK3gldZzzgi9R9dCAUMKcCC6XQ,EUW1_7796885839,Caitlyn,True,6,4,5,BOTTOM,1599
EPR5kSY90avOTCzh7Og_Jm2wP4gyp-br56DhdeiHDX5wJ59sZwZ-yK3gldZzzgi9R9dCAUMKcCC6XQ,EUW1_7795867668,Malphite,False,0,4,1,TOP,910
EPR5kSY90avOTCzh7Og_Jm2wP4gyp-br56DhdeiHDX5wJ59sZwZ-yK3gldZzzgi9R9dCAUMKcCC6XQ,EUW1_7795792336,Caitlyn,True,5,5,14,BOTTOM,1673
EPR5kSY90avOTCzh7Og_Jm2wP4gyp-br56DhdeiHDX5wJ59sZwZ-yK3gldZzzgi9R9dCAUMKcCC6XQ,EUW1_7789507910,Caitlyn,True,14,0,9,BOTTOM,1715
-exCQcvVRPQ9BEX1wcqidk8kg4AszyXeSTzZdKSofnn0ulKTIdAiMb-OtecJrBlauhuVi1A8-ev-LQ,EUW1_7899007477,Darius,False,6,7,6,TOP,1961
-exCQcvVRPQ9BEX1wcqidk8kg4AszyXeSTzZdKSofnn0ulKTIdAiMb-OtecJrBlauhuVi1A8-ev-LQ,EUW1_7898962135,Aatrox,False,5,11,2,TOP,1809
-exCQcvVRPQ9BEX1wcqidk8kg4AszyXeSTzZdKSofnn0ulKTIdAiMb-OtecJrBlauhuVi1A8-ev-LQ,EUW1_7898826826,Aatrox,False,0,0,0,TOP,81
-exCQcvVRPQ9BEX1wcqidk8kg4AszyXeSTzZdKSofnn0ulKTIdAiMb-OtecJrBlauhuVi1A8-ev-LQ,EUW1_7898779204,Renekton,True,5,5,5,TOP,2050
-exCQcvVRPQ9BEX1wcqidk8kg4AszyXeSTzZdKSofnn0ulKTIdAiMb-OtecJrBlauhuVi1A8-ev-LQ,EUW1_7898753051,Darius,True,6,4,3,TOP,1721
-exCQcvVRPQ9BEX1wcqidk8kg4AszyXeSTzZdKSofnn0ulKTIdAiMb-OtecJrBlauhuVi1A8-ev-LQ,EUW1_7897820058,Yasuo,False,4,12,4,TOP,1915
-exCQcvVRPQ9BEX1wcqidk8kg4AszyXeSTzZdKSofnn0ulKTIdAiMb-OtecJrBlauhuVi1A8-ev-LQ,EUW1_7897777365,Darius,False,5,6,5,TOP,1647
-exCQcvVRPQ9BEX1wcqidk8kg4AszyXeSTzZdKSofnn0ulKTIdAiMb-OtecJrBlauhuVi1A8-ev-LQ,EUW1_7897741327,Aatrox,True,2,7,0,TOP,1745
-exCQcvVRPQ9BEX1wcqidk8kg4AszyXeSTzZdKSofnn0ulKTIdAiMb-OtecJrBlauhuVi1A8-ev-LQ,EUW1_7897714655,Darius,False,3,8,8,JUNGLE,1498
-exCQcvVRPQ9BEX1wcqidk8kg4AszyXeSTzZdKSofnn0ulKTIdAiMb-OtecJrBlauhuVi1A8-ev-LQ,EUW1_7897676279,Darius,True,8,1,8,JUNGLE,1223
-exCQcvVRPQ9BEX1wcqidk8kg4AszyXeSTzZdKSofnn0ulKTIdAiMb-OtecJrBlauhuVi1A8-ev-LQ,EUW1_7897652463,Darius,False,12,6,5,TOP,1826
-exCQcvVRPQ9BEX1wcqidk8kg4AszyXeSTzZdKSofnn0ulKTIdAiMb-OtecJrBlauhuVi1A8-ev-LQ,EUW1_7897607866,Malphite,True,4,3,10,TOP,1930
-exCQcvVRPQ9BEX1wcqidk8kg4AszyXeSTzZdKSofnn0ulKTIdAiMb-OtecJrBlauhuVi1A8-ev-LQ,EUW1_7897577943,Renekton,False,4,6,2,TOP,1895
-exCQcvVRPQ9BEX1wcqidk8kg4AszyXeSTzZdKSofnn0ulKTIdAiMb-OtecJrBlauhuVi1A8-ev-LQ,EUW1_7897546851,Riven,False,6,13,6,MIDDLE,2089
-exCQcvVRPQ9BEX1wcqidk8kg4AszyXeSTzZdKSofnn0ulKTIdAiMb-OtecJrBlauhuVi1A8-ev-LQ,EUW1_7897517941,Renekton,False,3,2,0,TOP,442
-exCQcvVRPQ9BEX1wcqidk8kg4AszyXeSTzZdKSofnn0ulKTIdAiMb-OtecJrBlauhuVi1A8-ev-LQ,EUW1_7896611005,Renekton,True,12,10,13,TOP,2533
-exCQcvVRPQ9BEX1wcqidk8kg4AszyXeSTzZdKSofnn0ulKTIdAiMb-OtecJrBlauhuVi1A8-ev-LQ,EUW1_7896580221,Yasuo,True,7,9,7,MIDDLE,1886
-exCQcvVRPQ9BEX1wcqidk8kg4AszyXeSTzZdKSofnn0ulKTIdAiMb-OtecJrBlauhuVi1A8-ev-LQ,EUW1_7896552407,Darius,False,6,5,0,JUNGLE,1497
-exCQcvVRPQ9BEX1wcqidk8kg4AszyXeSTzZdKSofnn0ulKTIdAiMb-OtecJrBlauhuVi1A8-ev-LQ,EUW1_7896533907,Mordekaiser,False,7,5,0,TOP,1564
-exCQcvVRPQ9BEX1wcqidk8kg4AszyXeSTzZdKSofnn0ulKTIdAiMb-OtecJrBlauhuVi1A8-ev-LQ,EUW1_7896516562,Darius,True,12,3,1,TOP,1420
-exCQcvVRPQ9BEX1wcqidk8kg4AszyXeSTzZdKSofnn0ulKTIdAiMb-OtecJrBlauhuVi1A8-ev-LQ,EUW1_7895617092,Yasuo,True,2,7,2,TOP,1469
-exCQcvVRPQ9BEX1wcqidk8kg4AszyXeSTzZdKSofnn0ulKTIdAiMb-OtecJrBlauhuVi1A8-ev-LQ,EUW1_7895591924,Darius,False,13,11,1,JUNGLE,1478
-exCQcvVRPQ9BEX1wcqidk8kg4AszyXeSTzZdKSofnn0ulKTIdAiMb-OtecJrBlauhuVi1A8-ev-LQ,EUW1_7895535842,Aatrox,True,7,3,6,TOP,1780
-exCQcvVRPQ9BEX1wcqidk8kg4AszyXeSTzZdKSofnn0ulKTIdAiMb-OtecJrBlauhuVi1A8-ev-LQ,EUW1_7895510545,Aatrox,False,10,5,9,JUNGLE,2120
-exCQcvVRPQ9BEX1wcqidk8kg4AszyXeSTzZdKSofnn0ulKTIdAiMb-OtecJrBlauhuVi1A8-ev-LQ,EUW1_7895484474,Darius,True,13,1,5,JUNGLE,1813
-exCQcvVRPQ9BEX1wcqidk8kg4AszyXeSTzZdKSofnn0ulKTIdAiMb-OtecJrBlauhuVi1A8-ev-LQ,EUW1_7895456185,Renekton,False,2,11,2,TOP,1958
-exCQcvVRPQ9BEX1wcqidk8kg4AszyXeSTzZdKSofnn0ulKTIdAiMb-OtecJrBlauhuVi1A8-ev-LQ,EUW1_7895073591,Renekton,False,1,8,2,TOP,1583
-exCQcvVRPQ9BEX1wcqidk8kg4AszyXeSTzZdKSofnn0ulKTIdAiMb-OtecJrBlauhuVi1A8-ev-LQ,EUW1_7894619155,Renekton,False,5,7,3,TOP,1217
-exCQcvVRPQ9BEX1wcqidk8kg4AszyXeSTzZdKSofnn0ulKTIdAiMb-OtecJrBlauhuVi1A8-ev-LQ,EUW1_7894525174,Renekton,False,4,4,4,TOP,1907
-exCQcvVRPQ9BEX1wcqidk8kg4AszyXeSTzZdKSofnn0ulKTIdAiMb-OtecJrBlauhuVi1A8-ev-LQ,EUW1_7893492450,Darius,True,21,6,15,JUNGLE,2696
-exCQcvVRPQ9BEX1wcqidk8kg4AszyXeSTzZdKSofnn0ulKTIdAiMb-OtecJrBlauhuVi1A8-ev-LQ,EUW1_7893434188,Darius,False,14,7,9,JUNGLE,2059
-exCQcvVRPQ9BEX1wcqidk8kg4AszyXeSTzZdKSofnn0ulKTIdAiMb-OtecJrBlauhuVi1A8-ev-LQ,EUW1_7893399646,Jax,False,16,8,4,TOP,2033
-exCQcvVRPQ9BEX1wcqidk8kg4AszyXeSTzZdKSofnn0ulKTIdAiMb-OtecJrBlauhuVi1A8-ev-LQ,EUW1_7893343556,Darius,True,8,1,5,JUNGLE,1393
-exCQcvVRPQ9BEX1wcqidk8kg4AszyXeSTzZdKSofnn0ulKTIdAiMb-OtecJrBlauhuVi1A8-ev-LQ,EUW1_7892407263,Aatrox,True,18,5,10,TOP,1738
-exCQcvVRPQ9BEX1wcqidk8kg4AszyXeSTzZdKSofnn0ulKTIdAiMb-OtecJrBlauhuVi1A8-ev-LQ,EUW1_7892367642,Swain,True,9,9,20,TOP,2380
-exCQcvVRPQ9BEX1wcqidk8kg4AszyXeSTzZdKSofnn0ulKTIdAiMb-OtecJrBlauhuVi1A8-ev-LQ,EUW1_7891951172,Darius,True,4,4,10,JUNGLE,1807
-exCQcvVRPQ9BEX1wcqidk8kg4AszyXeSTzZdKSofnn0ulKTIdAiMb-OtecJrBlauhuVi1A8-ev-LQ,EUW1_7891417610,Darius,False,6,8,10,JUNGLE,1796
-exCQcvVRPQ9BEX1wcqidk8kg4AszyXeSTzZdKSofnn0ulKTIdAiMb-OtecJrBlauhuVi1A8-ev-LQ,EUW1_7891373594,Darius,False,12,7,8,JUNGLE,2502
-exCQcvVRPQ9BEX1wcqidk8kg4AszyXeSTzZdKSofnn0ulKTIdAiMb-OtecJrBlauhuVi1A8-ev-LQ,EUW1_7891348545,Darius,True,5,2,4,JUNGLE,1216
-exCQcvVRPQ9BEX1wcqidk8kg4AszyXeSTzZdKSofnn0ulKTIdAiMb-OtecJrBlauhuVi1A8-ev-LQ,EUW1_7891311835,Darius,True,15,3,6,JUNGLE,1972
-exCQcvVRPQ9BEX1wcqidk8kg4AszyXeSTzZdKSofnn0ulKTIdAiMb-OtecJrBlauhuVi1A8-ev-LQ,EUW1_7891257910,Darius,True,11,1,4,JUNGLE,1486
-exCQcvVRPQ9BEX1wcqidk8kg4AszyXeSTzZdKSofnn0ulKTIdAiMb-OtecJrBlauhuVi1A8-ev-LQ,EUW1_7891232167,Yasuo,False,5,7,1,TOP,1551
-exCQcvVRPQ9BEX1wcqidk8kg4AszyXeSTzZdKSofnn0ulKTIdAiMb-OtecJrBlauhuVi1A8-ev-LQ,EUW1_7889391033,Darius,True,3,2,3,TOP,1144
-exCQcvVRPQ9BEX1wcqidk8kg4AszyXeSTzZdKSofnn0ulKTIdAiMb-OtecJrBlauhuVi1A8-ev-LQ,EUW1_7889347152,KSante,True,7,8,4,TOP,2114
-exCQcvVRPQ9BEX1wcqidk8kg4AszyXeSTzZdKSofnn0ulKTIdAiMb-OtecJrBlauhuVi1A8-ev-LQ,EUW1_7889313824,Aatrox,False,11,7,11,TOP,1930
-exCQcvVRPQ9BEX1wcqidk8kg4AszyXeSTzZdKSofnn0ulKTIdAiMb-OtecJrBlauhuVi1A8-ev-LQ,EUW1_7889281569,Darius,False,5,5,3,JUNGLE,1916
-exCQcvVRPQ9BEX1wcqidk8kg4AszyXeSTzZdKSofnn0ulKTIdAiMb-OtecJrBlauhuVi1A8-ev-LQ,EUW1_7889233002,Darius,False,11,7,6,JUNGLE,2263
-exCQcvVRPQ9BEX1wcqidk8kg4AszyXeSTzZdKSofnn0ulKTIdAiMb-OtecJrBlauhuVi1A8-ev-LQ,EUW1_7889207267,Darius,False,7,4,4,JUNGLE,1617
-exCQcvVRPQ9BEX1wcqidk8kg4AszyXeSTzZdKSofnn0ulKTIdAiMb-OtecJrBlauhuVi1A8-ev-LQ,EUW1_7889193772,Darius,True,8,0,5,JUNGLE,1097
-exCQcvVRPQ9BEX1wcqidk8kg4AszyXeSTzZdKSofnn0ulKTIdAiMb-OtecJrBlauhuVi1A8-ev-LQ,EUW1_7888234569,Darius,True,6,3,6,JUNGLE,1461
BCXzm8Ycr965StfR9n4kApRAUM0F0iOIM5crrtS4ra1l9DFt3_jP0fE15I_xTijX2CzqRpiSzr7YEw,EUW1_7894796706,Darius,True,4,14,13,TOP,2963
BCXzm8Ycr965StfR9n4kApRAUM0F0iOIM5crrtS4ra1l9DFt3_jP0fE15I_xTijX2CzqRpiSzr7YEw,EUW1_7894538176,Teemo,True,5,8,13,TOP,2051
BCXzm8Ycr965StfR9n4kApRAUM0F0iOIM5crrtS4ra1l9DFt3_jP0fE15I_xTijX2CzqRpiSzr7YEw,EUW1_7887268071,Teemo,False,10,11,12,TOP,2196
BCXzm8Ycr965StfR9n4kApRAUM0F0iOIM5crrtS4ra1l9DFt3_jP0fE15I_xTijX2CzqRpiSzr7YEw,EUW1_7887221629,Heimerdinger,False,10,8,11,TOP,1844
BCXzm8Ycr965StfR9n4kApRAUM0F0iOIM5crrtS4ra1l9DFt3_jP0fE15I_xTijX2CzqRpiSzr7YEw,EUW1_7887169298,Poppy,True,8,2,9,TOP,1701
BCXzm8Ycr965StfR9n4kApRAUM0F0iOIM5crrtS4ra1l9DFt3_jP0fE15I_xTijX2CzqRpiSzr7YEw,EUW1_7887162292,Singed,False,0,0,0,TOP,83
BCXzm8Ycr965StfR9n4kApRAUM0F0iOIM5crrtS4ra1l9DFt3_jP0fE15I_xTijX2CzqRpiSzr7YEw,EUW1_7887116329,Gragas,False,7,11,8,TOP,1866
BCXzm8Ycr965StfR9n4kApRAUM0F0iOIM5crrtS4ra1l9DFt3_jP0fE15I_xTijX2CzqRpiSzr7YEw,EUW1_7887064750,Yone,True,12,11,5,TOP,1969
BCXzm8Ycr965StfR9n4kApRAUM0F0iOIM5crrtS4ra1l9DFt3_jP0fE15I_xTijX2CzqRpiSzr7YEw,EUW1_7887006403,Gragas,False,7,9,7,TOP,2432
BCXzm8Ycr965StfR9n4kApRAUM0F0iOIM5crrtS4ra1l9DFt3_jP0fE15I_xTijX2CzqRpiSzr7YEw,EUW1_7886966397,Gragas,True,12,7,12,TOP,2174
BCXzm8Ycr965StfR9n4kApRAUM0F0iOIM5crrtS4ra1l9DFt3_jP0fE15I_xTijX2CzqRpiSzr7YEw,EUW1_7886922876,Darius,False,5,10,4,TOP,1881
BCXzm8Ycr965StfR9n4kApRAUM0F0iOIM5crrtS4ra1l9DFt3_jP0fE15I_xTijX2CzqRpiSzr7YEw,EUW1_7886893654,Illaoi,False,1,11,1,TOP,1856
BCXzm8Ycr965StfR9n4kApRAUM0F0iOIM5crrtS4ra1l9DFt3_jP0fE15I_xTijX2CzqRpiSzr7YEw,EUW1_7885055826,Singed,True,3,9,13,TOP,1766
BCXzm8Ycr965StfR9n4kApRAUM0F0iOIM5crrtS4ra1l9DFt3_jP0fE15I_xTijX2CzqRpiSzr7YEw,EUW1_7885008963,Heimerdinger,False,1,8,6,TOP,1721
BCXzm8Ycr965StfR9n4kApRAUM0F0iOIM5crrtS4ra1l9DFt3_jP0fE15I_xTijX2CzqRpiSzr7YEw,EUW1_7884971525,Gragas,False,3,8,3,TOP,1768
BCXzm8Ycr965StfR9n4kApRAUM0F0iOIM5crrtS4ra1l9DFt3_jP0fE15I_xTijX2CzqRpiSzr7YEw,EUW1_7884938840,Maokai,True,1,5,6,TOP,1161
BCXzm8Ycr965StfR9n4kApRAUM0F0iOIM5crrtS4ra1l9DFt3_jP0fE15I_xTijX2CzqRpiSzr7YEw,EUW1_7884893752,Sion,True,4,7,18,TOP,2142
BCXzm8Ycr965StfR9n4kApRAUM0F0iOIM5crrtS4ra1l9DFt3_jP0fE15I_xTijX2CzqRpiSzr7YEw,EUW1_7884840114,Yone,True,13,9,5,TOP,1851
BCXzm8Ycr965StfR9n4kApRAUM0F0iOIM5crrtS4ra1l9DFt3_jP0fE15I_xTijX2CzqRpiSzr7YEw,EUW1_7884084199,Olaf,True,16,7,7,TOP,2171
BCXzm8Ycr965StfR9n4kApRAUM0F0iOIM5crrtS4ra1l9DFt3_jP0fE15I_xTijX2CzqRpiSzr7YEw,EUW1_7884037465,Garen,False,5,6,1,TOP,1739
BCXzm8Ycr965StfR9n4kApRAUM0F0iOIM5crrtS4ra1l9DFt3_jP0fE15I_xTijX2CzqRpiSzr7YEw,EUW1_7883987750,Sion,False,6,7,4,TOP,1641
BCXzm8Ycr965StfR9n4kApRAUM0F0iOIM5crrtS4ra1l9DFt3_jP0fE15I_xTijX2CzqRpiSzr7YEw,EUW1_7883928408,Garen,True,11,5,7,TOP,1999
BCXzm8Ycr965StfR9n4kApRAUM0F0iOIM5crrtS4ra1l9DFt3_jP0fE15I_xTijX2CzqRpiSzr7YEw,EUW1_7883894953,Olaf,False,4,9,1,TOP,1469
BCXzm8Ycr965StfR9n4kApRAUM0F0iOIM5crrtS4ra1l9DFt3_jP0fE15I_xTijX2CzqRpiSzr7YEw,EUW1_7883825455,Garen,False,1,2,0,TOP,1006
BCXzm8Ycr965StfR9n4kApRAUM0F0iOIM5crrtS4ra1l9DFt3_jP0fE15I_xTijX2CzqRpiSzr7YEw,EUW1_7878658509,Volibear,True,13,8,8,TOP,1728
BCXzm8Ycr965StfR9n4kApRAUM0F0iOIM5crrtS4ra1l9DFt3_jP0fE15I_xTijX2CzqRpiSzr7YEw,EUW1_7878606970,Gragas,True,8,7,11,TOP,2007
BCXzm8Ycr965StfR9n4kApRAUM0F0iOIM5crrtS4ra1l9DFt3_jP0fE15I_xTijX2CzqRpiSzr7YEw,EUW1_7878563408,XinZhao,True,3,11,6,TOP,1670
BCXzm8Ycr965StfR9n4kApRAUM0F0iOIM5crrtS4ra1l9DFt3_jP0fE15I_xTijX2CzqRpiSzr7YEw,EUW1_7878528131,Sion,False,18,13,1,TOP,1963
BCXzm8Ycr965StfR9n4kApRAUM0F0iOIM5crrtS4ra1l9DFt3_jP0fE15I_xTijX2CzqRpiSzr7YEw,EUW1_7878494251,Heimerdinger,False,1,14,7,TOP,1660
BCXzm8Ycr965StfR9n4kApRAUM0F0iOIM5crrtS4ra1l9DFt3_jP0fE15I_xTijX2CzqRpiSzr7YEw,EUW1_7878347969,Heimerdinger,False,9,12,6,TOP,2339
BCXzm8Ycr965StfR9n4kApRAUM0F0iOIM5crrtS4ra1l9DFt3_jP0fE15I_xTijX2CzqRpiSzr7YEw,EUW1_7878318641,Sion,False,6,8,4,TOP,1604
BCXzm8Ycr965StfR9n4kApRAUM0F0iOIM5crrtS4ra1l9DFt3_jP0fE15I_xTijX2CzqRpiSzr7YEw,EUW1_7874426197,Chogath,True,14,9,8,TOP,1905
BCXzm8Ycr965StfR9n4kApRAUM0F0iOIM5crrtS4ra1l9DFt3_jP0fE15I_xTijX2CzqRpiSzr7YEw,EUW1_7874372385,Darius,False,7,10,4,TOP,1626
BCXzm8Ycr965StfR9n4kApRAUM0F0iOIM5crrtS4ra1l9DFt3_jP0fE15I_xTijX2CzqRpiSzr7YEw,EUW1_7874318254,Garen,True,7,6,5,TOP,1522
BCXzm8Ycr965StfR9n4kApRAUM0F0iOIM5crrtS4ra1l9DFt3_jP0fE15I_xTijX2CzqRpiSzr7YEw,EUW1_7874273232,Garen,True,11,5,8,TOP,1739
BCXzm8Ycr965StfR9n4kApRAUM0F0iOIM5crrtS4ra1l9DFt3_jP0fE15I_xTijX2CzqRpiSzr7YEw,EUW1_7874224431,Volibear,False,9,11,5,TOP,1851
BCXzm8Ycr965StfR9n4kApRAUM0F0iOIM5crrtS4ra1l9DFt3_jP0fE15I_xTijX2CzqRpiSzr7YEw,EUW1_7872441994,Garen,True,6,4,2,TOP,1355
BCXzm8Ycr965StfR9n4kApRAUM0F0iOIM5crrtS4ra1l9DFt3_jP0fE15I_xTijX2CzqRpiSzr7YEw,EUW1_7872395241,KSante,False,1,8,2,TOP,1514
BCXzm8Ycr965StfR9n4kApRAUM0F0iOIM5crrtS4ra1l9DFt3_jP0fE15I_xTijX2CzqRpiSzr7YEw,EUW1_7872345248,Mordekaiser,True,5,5,5,TOP,1620
BCXzm8Ycr965StfR9n4kApRAUM0F0iOIM5crrtS4ra1l9DFt3_jP0fE15I_xTijX2CzqRpiSzr7YEw,EUW1_7872106557,Vladimir,True,5,10,10,TOP,1944
BCXzm8Ycr965StfR9n4kApRAUM0F0iOIM5crrtS4ra1l9DFt3_jP0fE15I_xTijX2CzqRpiSzr7YEw,EUW1_7872052518,Yone,True,9,10,11,TOP,2096
BCXzm8Ycr965StfR9n4kApRAUM0F0iOIM5crrtS4ra1l9DFt3_jP0fE15I_xTijX2CzqRpiSzr7YEw,EUW1_7871999615,Zac,True,4,9,14,TOP,1891
BCXzm8Ycr965StfR9n4kApRAUM0F0iOIM5crrtS4ra1l9DFt3_jP0fE15I_xTijX2CzqRpiSzr7YEw,EUW1_7871966632,Sion,False,2,9,0,TOP,1242
BCXzm8Ycr965StfR9n4kApRAUM0F0iOIM5crrtS4ra1l9DFt3_jP0fE15I_xTijX2CzqRpiSzr7YEw,EUW1_7871564386,Gragas,True,17,6,2,TOP,1629
BCXzm8Ycr965StfR9n4kApRAUM0F0iOIM5crrtS4ra1l9DFt3_jP0fE15I_xTijX2CzqRpiSzr7YEw,EUW1_7871555787,Sion,False,1,11,3,TOP,1341
BCXzm8Ycr965StfR9n4kApRAUM0F0iOIM5crrtS4ra1l9DFt3_jP0fE15I_xTijX2CzqRpiSzr7YEw,EUW1_7871256637,Chogath,True,8,3,5,TOP,1457
BCXzm8Ycr965StfR9n4kApRAUM0F0iOIM5crrtS4ra1l9DFt3_jP0fE15I_xTijX2CzqRpiSzr7YEw,EUW1_7871199302,Gragas,False,7,10,4,TOP,1834
BCXzm8Ycr965StfR9n4kApRAUM0F0iOIM5crrtS4ra1l9DFt3_jP0fE15I_xTijX2CzqRpiSzr7YEw,EUW1_7865429266,Chogath,True,17,7,7,TOP,1876
BCXzm8Ycr965StfR9n4kApRAUM0F0iOIM5crrtS4ra1l9DFt3_jP0fE15I_xTijX2CzqRpiSzr7YEw,EUW1_7865291460,Chogath,True,8,6,10,TOP,1968
BCXzm8Ycr965StfR9n4kApRAUM0F0iOIM5crrtS4ra1l9DFt3_jP0fE15I_xTijX2CzqRpiSzr7YEw,EUW1_7865278618,Chogath,True,0,0,0,TOP,74
-sxRBJGOeqdUYeUh4DFLEki0nInCW0FtcYQAXD7rZDgn80Zcxrf98QrqA6msmcYNBTzEkODO7IxuQw,EUW1_7898643759,Thresh,False,3,4,11,UTILITY,1517
-sxRBJGOeqdUYeUh4DFLEki0nInCW0FtcYQAXD7rZDgn80Zcxrf98QrqA6msmcYNBTzEkODO7IxuQw,EUW1_7898624592,Thresh,False,0,8,13,UTILITY,1675
-sxRBJGOeqdUYeUh4DFLEki0nInCW0FtcYQAXD7rZDgn80Zcxrf98QrqA6msmcYNBTzEkODO7IxuQw,EUW1_7897436067,Thresh,False,0,6,17,UTILITY,1735
-sxRBJGOeqdUYeUh4DFLEki0nInCW0FtcYQAXD7rZDgn80Zcxrf98QrqA6msmcYNBTzEkODO7IxuQw,EUW1_7897424168,Thresh,False,0,5,9,UTILITY,1601
-sxRBJGOeqdUYeUh4DFLEki0nInCW0FtcYQAXD7rZDgn80Zcxrf98QrqA6msmcYNBTzEkODO7IxuQw,EUW1_7896491210,Thresh,False,1,6,6,UTILITY,1739
-sxRBJGOeqdUYeUh4DFLEki0nInCW0FtcYQAXD7rZDgn80Zcxrf98QrqA6msmcYNBTzEkODO7IxuQw,EUW1_7896473697,Bard,False,2,7,9,UTILITY,1890
-sxRBJGOeqdUYeUh4DFLEki0nInCW0FtcYQAXD7rZDgn80Zcxrf98QrqA6msmcYNBTzEkODO7IxuQw,EUW1_7896455828,Thresh,True,1,4,16,UTILITY,1493
-sxRBJGOeqdUYeUh4DFLEki0nInCW0FtcYQAXD7rZDgn80Zcxrf98QrqA6msmcYNBTzEkODO7IxuQw,EUW1_7896433177,Thresh,False,4,6,14,UTILITY,1641
-sxRBJGOeqdUYeUh4DFLEki0nInCW0FtcYQAXD7rZDgn80Zcxrf98QrqA6msmcYNBTzEkODO7IxuQw,EUW1_7895446318,Thresh,True,1,2,14,UTILITY,1420
-sxRBJGOeqdUYeUh4DFLEki0nInCW0FtcYQAXD7rZDgn80Zcxrf98QrqA6msmcYNBTzEkODO7IxuQw,EUW1_7895435285,Thresh,False,0,5,2,UTILITY,1081
-sxRBJGOeqdUYeUh4DFLEki0nInCW0FtcYQAXD7rZDgn80Zcxrf98QrqA6msmcYNBTzEkODO7IxuQw,EUW1_7895423583,Thresh,True,2,1,16,UTILITY,1855
-sxRBJGOeqdUYeUh4DFLEki0nInCW0FtcYQAXD7rZDgn80Zcxrf98QrqA6msmcYNBTzEkODO7IxuQw,EUW1_7895403032,Thresh,False,7,2,11,MIDDLE,2358
-sxRBJGOeqdUYeUh4DFLEki0nInCW0FtcYQAXD7rZDgn80Zcxrf98QrqA6msmcYNBTzEkODO7IxuQw,EUW1_7894536510,Thresh,True,2,3,18,UTILITY,1697
-sxRBJGOeqdUYeUh4DFLEki0nInCW0FtcYQAXD7rZDgn80Zcxrf98QrqA6msmcYNBTzEkODO7IxuQw,EUW1_7894495591,Thresh,True,3,1,13,UTILITY,1201
-sxRBJGOeqdUYeUh4DFLEki0nInCW0FtcYQAXD7rZDgn80Zcxrf98QrqA6msmcYNBTzEkODO7IxuQw,EUW1_7894478252,Thresh,False,0,0,0,UTILITY,70
-sxRBJGOeqdUYeUh4DFLEki0nInCW0FtcYQAXD7rZDgn80Zcxrf98QrqA6msmcYNBTzEkODO7IxuQw,EUW1_7893457043,Thresh,True,2,4,25,UTILITY,2425
-sxRBJGOeqdUYeUh4DFLEki0nInCW0FtcYQAXD7rZDgn80Zcxrf98QrqA6msmcYNBTzEkODO7IxuQw,EUW1_7893410197,Naafiri,False,6,9,10,JUNGLE,2296
-sxRBJGOeqdUYeUh4DFLEki0nInCW0FtcYQAXD7rZDgn80Zcxrf98QrqA6msmcYNBTzEkODO7IxuQw,EUW1_7893374358,Thresh,True,0,5,23,UTILITY,1570
-sxRBJGOeqdUYeUh4DFLEki0nInCW0FtcYQAXD7rZDgn80Zcxrf98QrqA6msmcYNBTzEkODO7IxuQw,EUW1_7893344545,Thresh,True,0,7,15,UTILITY,2121
-sxRBJGOeqdUYeUh4DFLEki0nInCW0FtcYQAXD7rZDgn80Zcxrf98QrqA6msmcYNBTzEkODO7IxuQw,EUW1_7892162769,Bard,True,3,8,23,UTILITY,2014
-sxRBJGOeqdUYeUh4DFLEki0nInCW0FtcYQAXD7rZDgn80Zcxrf98QrqA6msmcYNBTzEkODO7IxuQw,EUW1_7892147846,Nocturne,False,9,6,16,JUNGLE,1734
-sxRBJGOeqdUYeUh4DFLEki0nInCW0FtcYQAXD7rZDgn80Zcxrf98QrqA6msmcYNBTzEkODO7IxuQw,EUW1_7892128273,Thresh,True,0,4,14,UTILITY,1769
-sxRBJGOeqdUYeUh4DFLEki0nInCW0FtcYQAXD7rZDgn80Zcxrf98QrqA6msmcYNBTzEkODO7IxuQw,EUW1_7891251314,Thresh,True,1,5,14,UTILITY,1795
-sxRBJGOeqdUYeUh4DFLEki0nInCW0FtcYQAXD7rZDgn80Zcxrf98QrqA6msmcYNBTzEkODO7IxuQw,EUW1_7891159453,Thresh,True,1,2,11,UTILITY,1258
-sxRBJGOeqdUYeUh4DFLEki0nInCW0FtcYQAXD7rZDgn80Zcxrf98QrqA6msmcYNBTzEkODO7IxuQw,EUW1_7891146570,Bard,False,3,9,25,UTILITY,2237
-sxRBJGOeqdUYeUh4DFLEki0nInCW0FtcYQAXD7rZDgn80Zcxrf98QrqA6msmcYNBTzEkODO7IxuQw,EUW1_7891141744,Thresh,True,0,0,0,UTILITY,73
-sxRBJGOeqdUYeUh4DFLEki0nInCW0FtcYQAXD7rZDgn80Zcxrf98QrqA6msmcYNBTzEkODO7IxuQw,EUW1_7891122623,Thresh,False,1,7,7,UTILITY,1697
-sxRBJGOeqdUYeUh4DFLEki0nInCW0FtcYQAXD7rZDgn80Zcxrf98QrqA6msmcYNBTzEkODO7IxuQw,EUW1_7890191243,Thresh,False,4,4,10,UTILITY,1799
-sxRBJGOeqdUYeUh4DFLEki0nInCW0FtcYQAXD7rZDgn80Zcxrf98QrqA6msmcYNBTzEkODO7IxuQw,EUW1_7890193568,Thresh,False,0,0,0,UTILITY,68
-sxRBJGOeqdUYeUh4DFLEki0nInCW0FtcYQAXD7rZDgn80Zcxrf98QrqA6msmcYNBTzEkODO7IxuQw,EUW1_7890171863,Bard,True,0,1,13,UTILITY,1441
-sxRBJGOeqdUYeUh4DFLEki0nInCW0FtcYQAXD7rZDgn80Zcxrf98QrqA6msmcYNBTzEkODO7IxuQw,EUW1_7890144446,Thresh,True,0,8,28,UTILITY,2179
-sxRBJGOeqdUYeUh4DFLEki0nInCW0FtcYQAXD7rZDgn80Zcxrf98QrqA6msmcYNBTzEkODO7IxuQw,EUW1_7890132768,Thresh,True,1,0,11,UTILITY,1805
-sxRBJGOeqdUYeUh4DFLEki0nInCW0FtcYQAXD7rZDgn80Zcxrf98QrqA6msmcYNBTzEkODO7IxuQw,EUW1_7889157619,Thresh,True,4,1,20,UTILITY,1791
-sxRBJGOeqdUYeUh4DFLEki0nInCW0FtcYQAXD7rZDgn80Zcxrf98QrqA6msmcYNBTzEkODO7IxuQw,EUW1_7889117759,Thresh,True,3,1,10,UTILITY,981
-sxRBJGOeqdUYeUh4DFLEki0nInCW0FtcYQAXD7rZDgn80Zcxrf98QrqA6msmcYNBTzEkODO7IxuQw,EUW1_7889102647,Thresh,True,1,4,9,UTILITY,1590
-sxRBJGOeqdUYeUh4DFLEki0nInCW0FtcYQAXD7rZDgn80Zcxrf98QrqA6msmcYNBTzEkODO7IxuQw,EUW1_7889079257,Thresh,False,2,7,17,UTILITY,2000
-sxRBJGOeqdUYeUh4DFLEki0nInCW0FtcYQAXD7rZDgn80Zcxrf98QrqA6msmcYNBTzEkODO7IxuQw,EUW1_7888055255,Bard,True,6,4,18,UTILITY,2349
-sxRBJGOeqdUYeUh4DFLEki0nInCW0FtcYQAXD7rZDgn80Zcxrf98QrqA6msmcYNBTzEkODO7IxuQw,EUW1_7888039329,Thresh,True,2,5,22,UTILITY,1882
-sxRBJGOeqdUYeUh4DFLEki0nInCW0FtcYQAXD7rZDgn80Zcxrf98QrqA6msmcYNBTzEkODO7IxuQw,EUW1_7888032152,Thresh,True,2,4,17,UTILITY,1171
-sxRBJGOeqdUYeUh4DFLEki0nInCW0FtcYQAXD7rZDgn80Zcxrf98QrqA6msmcYNBTzEkODO7IxuQw,EUW1_7884650758,Thresh,True,1,7,21,UTILITY,2144
-sxRBJGOeqdUYeUh4DFLEki0nInCW0FtcYQAXD7rZDgn80Zcxrf98QrqA6msmcYNBTzEkODO7IxuQw,EUW1_7884622113,Bard,True,4,7,25,UTILITY,1995
-sxRBJGOeqdUYeUh4DFLEki0nInCW0FtcYQAXD7rZDgn80Zcxrf98QrqA6msmcYNBTzEkODO7IxuQw,EUW1_7882423027,Thresh,False,2,5,6,UTILITY,1286
-sxRBJGOeqdUYeUh4DFLEki0nInCW0FtcYQAXD7rZDgn80Zcxrf98QrqA6msmcYNBTzEkODO7IxuQw,EUW1_7882373680,Thresh,False,1,6,13,UTILITY,1717
-sxRBJGOeqdUYeUh4DFLEki0nInCW0FtcYQAXD7rZDgn80Zcxrf98QrqA6msmcYNBTzEkODO7IxuQw,EUW1_7882353124,Thresh,False,2,5,13,UTILITY,1683
-sxRBJGOeqdUYeUh4DFLEki0nInCW0FtcYQAXD7rZDgn80Zcxrf98QrqA6msmcYNBTzEkODO7IxuQw,EUW1_7882336837,Thresh,False,4,7,12,UTILITY,1629
-sxRBJGOeqdUYeUh4DFLEki0nInCW0FtcYQAXD7rZDgn80Zcxrf98QrqA6msmcYNBTzEkODO7IxuQw,EUW1_7881510345,Thresh,False,0,7,25,UTILITY,2351
-sxRBJGOeqdUYeUh4DFLEki0nInCW0FtcYQAXD7rZDgn80Zcxrf98QrqA6msmcYNBTzEkODO7IxuQw,EUW1_7881489607,Thresh,False,0,5,11,UTILITY,1856
-sxRBJGOeqdUYeUh4DFLEki0nInCW0FtcYQAXD7rZDgn80Zcxrf98QrqA6msmcYNBTzEkODO7IxuQw,EUW1_7881438540,Thresh,False,0,8,9,UTILITY,1430
-sxRBJGOeqdUYeUh4DFLEki0nInCW0FtcYQAXD7rZDgn80Zcxrf98QrqA6msmcYNBTzEkODO7IxuQw,EUW1_7881406259,Thresh,False,0,6,16,UTILITY,2045
-sxRBJGOeqdUYeUh4DFLEki0nInCW0FtcYQAXD7rZDgn80Zcxrf98QrqA6msmcYNBTzEkODO7IxuQw,EUW1_7881387146,Thresh,True,1,3,15,UTILITY,1687
